fecha,visitas,anio,mes,dia_semana,numero_semana,año,día_mes,día_semana,número_semana,trimestre,es_fin_semana,días_desde_inicio,promedio_móvil_7,promedio_móvil_30,std_móvil_7,cambio_anterior,cambio_semana_anterior,visitas_lag_1,visitas_lag_7,visitas_lag_30,promedio_7_dias_pasados
2022-01-01,109,2022,1,Saturday,1,2022,1,5,52,1,1,0,109.0,109.0,,,,,,,
2022-01-02,137,2022,1,Sunday,1,2022,2,6,52,1,1,1,123.0,123.0,19.79898987322333,28.0,,109.0,,,
2022-01-03,164,2022,1,Monday,2,2022,3,0,1,1,0,2,136.66666666666666,136.66666666666666,27.501515109777742,27.0,,137.0,,,
2022-01-04,156,2022,1,Tuesday,2,2022,4,1,1,1,0,3,141.5,141.5,24.447222064411875,-8.0,,164.0,,,
2022-01-05,78,2022,1,Wednesday,2,2022,5,2,1,1,0,4,128.8,128.8,35.421744733990735,-78.0,,156.0,,,
2022-01-06,53,2022,1,Thursday,2,2022,6,3,1,1,0,5,116.16666666666667,116.16666666666667,44.28731947935738,-25.0,,78.0,,,
2022-01-07,100,2022,1,Friday,2,2022,7,4,1,1,0,6,113.85714285714286,113.85714285714286,40.88776741043125,47.0,,53.0,,,
2022-01-08,124,2022,1,Saturday,2,2022,8,5,1,1,1,7,116.0,115.125,40.98373661181551,24.0,15.0,100.0,109.0,,113.85714285714286
2022-01-09,140,2022,1,Sunday,2,2022,9,6,1,1,1,8,116.42857142857143,117.88888888888889,41.25472555904816,16.0,3.0,124.0,137.0,,116.0
2022-01-10,171,2022,1,Monday,3,2022,10,0,2,1,0,9,117.42857142857143,123.2,42.660899907906085,31.0,7.0,140.0,164.0,,116.42857142857143
2022-01-11,125,2022,1,Tuesday,3,2022,11,1,2,1,0,10,113.0,123.36363636363636,39.479952718647816,-46.0,-31.0,171.0,156.0,,117.42857142857143
2022-01-12,83,2022,1,Wednesday,3,2022,12,2,2,1,0,11,113.71428571428571,120.0,38.78021095745564,-42.0,5.0,125.0,78.0,,113.0
2022-01-13,71,2022,1,Thursday,3,2022,13,3,2,1,0,12,116.28571428571429,116.23076923076923,34.43696795457989,-12.0,18.0,83.0,53.0,,113.71428571428571
2022-01-14,39,2022,1,Friday,3,2022,14,4,2,1,0,13,107.57142857142857,110.71428571428571,45.26167305368912,-32.0,-61.0,71.0,100.0,,116.28571428571429
2022-01-15,83,2022,1,Saturday,3,2022,15,5,2,1,1,14,101.71428571428571,108.86666666666666,45.43388708043914,44.0,-41.0,39.0,124.0,,107.57142857142857
2022-01-16,147,2022,1,Sunday,3,2022,16,6,2,1,1,15,102.71428571428571,111.25,46.481947340568986,64.0,7.0,83.0,140.0,,101.71428571428571
2022-01-17,149,2022,1,Monday,4,2022,17,0,3,1,0,16,99.57142857142857,113.47058823529412,41.58067316617638,2.0,-22.0,147.0,171.0,,102.71428571428571
2022-01-18,149,2022,1,Tuesday,4,2022,18,1,3,1,0,17,103.0,115.44444444444444,44.88503833870108,0.0,24.0,149.0,125.0,,99.57142857142857
2022-01-19,83,2022,1,Wednesday,4,2022,19,2,3,1,0,18,103.0,113.73684210526316,44.88503833870108,-66.0,0.0,149.0,83.0,,103.0
2022-01-20,47,2022,1,Thursday,4,2022,20,3,3,1,0,19,99.57142857142857,110.4,48.50724050028388,-36.0,-24.0,83.0,71.0,,103.0
2022-01-21,115,2022,1,Friday,4,2022,21,4,3,1,0,20,110.42857142857143,110.61904761904762,40.541571844454275,68.0,76.0,47.0,39.0,,99.57142857142857
2022-01-22,122,2022,1,Saturday,4,2022,22,5,3,1,1,21,116.0,111.13636363636364,38.785736209763165,7.0,39.0,115.0,83.0,,110.42857142857143
2022-01-23,168,2022,1,Sunday,4,2022,23,6,3,1,1,22,119.0,113.6086956521739,42.24136992728022,46.0,21.0,122.0,147.0,,116.0
2022-01-24,149,2022,1,Monday,5,2022,24,0,4,1,0,23,119.0,115.08333333333333,42.24136992728022,-19.0,0.0,168.0,149.0,,119.0
2022-01-25,141,2022,1,Tuesday,5,2022,25,1,4,1,0,24,117.85714285714286,116.12,41.39415647740863,-8.0,-8.0,149.0,149.0,,119.0
2022-01-26,112,2022,1,Wednesday,5,2022,26,2,4,1,0,25,122.0,115.96153846153847,38.68677637987775,-29.0,29.0,141.0,83.0,,117.85714285714286
2022-01-27,61,2022,1,Thursday,5,2022,27,3,4,1,0,26,124.0,113.92592592592592,34.27341049073855,-51.0,14.0,112.0,47.0,,122.0
2022-01-28,102,2022,1,Friday,5,2022,28,4,4,1,0,27,122.14285714285714,113.5,35.18251730347793,41.0,-13.0,61.0,115.0,,124.0
2022-01-29,123,2022,1,Saturday,5,2022,29,5,4,1,1,28,122.28571428571429,113.82758620689656,35.18387076352973,21.0,1.0,102.0,122.0,,122.14285714285714
2022-01-30,169,2022,1,Sunday,5,2022,30,6,4,1,1,29,122.42857142857143,115.66666666666667,35.401775580974956,46.0,1.0,123.0,168.0,,122.28571428571429
2022-01-31,174,2022,1,Monday,6,2022,31,0,5,1,0,30,126.0,117.83333333333333,39.547439866570386,5.0,25.0,169.0,149.0,109.0,122.42857142857143
2022-02-01,197,2022,2,Tuesday,6,2022,1,1,5,1,0,31,134.0,119.83333333333333,47.87483681434331,23.0,56.0,174.0,141.0,137.0,126.0
2022-02-02,118,2022,2,Wednesday,6,2022,2,2,5,1,0,32,134.85714285714286,118.3,47.4672819649794,-79.0,6.0,197.0,112.0,164.0,134.0
2022-02-03,71,2022,2,Thursday,6,2022,3,3,5,1,0,33,136.28571428571428,115.46666666666667,44.9581816273534,-47.0,10.0,118.0,61.0,156.0,134.85714285714286
2022-02-04,119,2022,2,Friday,6,2022,4,4,5,1,0,34,138.71428571428572,116.83333333333333,43.223119915597216,48.0,17.0,71.0,102.0,78.0,136.28571428571428
2022-02-05,119,2022,2,Saturday,6,2022,5,5,5,1,1,35,138.14285714285714,119.03333333333333,43.49110472816472,0.0,-4.0,119.0,123.0,53.0,138.71428571428572
2022-02-06,187,2022,2,Sunday,6,2022,6,6,5,1,1,36,140.71428571428572,121.93333333333334,46.07499063380006,68.0,18.0,119.0,169.0,100.0,138.14285714285714
2022-02-07,155,2022,2,Monday,7,2022,7,0,6,1,0,37,138.0,122.96666666666667,44.313278672048945,-32.0,-19.0,187.0,174.0,124.0,140.71428571428572
2022-02-08,142,2022,2,Tuesday,7,2022,8,1,6,1,0,38,130.14285714285714,123.03333333333333,36.25110835744002,-13.0,-55.0,155.0,197.0,140.0,138.0
2022-02-09,130,2022,2,Wednesday,7,2022,9,2,6,1,0,39,131.85714285714286,121.66666666666667,35.86283392514955,-12.0,12.0,142.0,118.0,171.0,130.14285714285714
2022-02-10,115,2022,2,Thursday,7,2022,10,3,6,1,0,40,138.14285714285714,121.33333333333333,25.887117590470712,-15.0,44.0,130.0,71.0,125.0,131.85714285714286
2022-02-11,114,2022,2,Friday,7,2022,11,4,6,1,0,41,137.42857142857142,122.36666666666666,26.563490877876884,-1.0,-5.0,115.0,119.0,83.0,138.14285714285714
2022-02-12,148,2022,2,Saturday,7,2022,12,5,6,1,1,42,141.57142857142858,124.93333333333334,25.448360411214097,34.0,29.0,114.0,119.0,71.0,137.42857142857142
2022-02-13,185,2022,2,Sunday,7,2022,13,6,6,1,1,43,141.28571428571428,129.8,24.857690196491767,37.0,-2.0,148.0,187.0,39.0,141.57142857142858
2022-02-14,172,2022,2,Monday,8,2022,14,0,7,1,0,44,143.71428571428572,132.76666666666668,27.14598979416229,-13.0,17.0,185.0,155.0,83.0,141.28571428571428
2022-02-15,161,2022,2,Tuesday,8,2022,15,1,7,1,0,45,146.42857142857142,133.23333333333332,27.885821623524905,-11.0,19.0,172.0,142.0,147.0,143.71428571428572
2022-02-16,124,2022,2,Wednesday,8,2022,16,2,7,1,0,46,145.57142857142858,132.4,28.559044935344897,-37.0,-6.0,161.0,130.0,149.0,146.42857142857142
2022-02-17,128,2022,2,Thursday,8,2022,17,3,7,1,0,47,147.42857142857142,131.7,26.594843753737603,4.0,13.0,124.0,115.0,149.0,145.57142857142858
2022-02-18,125,2022,2,Friday,8,2022,18,4,7,1,0,48,149.0,133.1,24.53568829277063,-3.0,11.0,128.0,114.0,83.0,147.42857142857142
2022-02-19,123,2022,2,Saturday,8,2022,19,5,7,1,1,49,145.42857142857142,135.63333333333333,26.450312807584123,-2.0,-25.0,125.0,148.0,47.0,149.0
2022-02-20,204,2022,2,Sunday,8,2022,20,6,7,1,1,50,148.14285714285714,138.6,31.651374753863777,81.0,19.0,123.0,185.0,115.0,145.42857142857142
2022-02-21,201,2022,2,Monday,9,2022,21,0,8,1,0,51,152.28571428571428,141.23333333333332,36.7773222050142,-3.0,29.0,204.0,172.0,122.0,148.14285714285714
2022-02-22,169,2022,2,Tuesday,9,2022,22,1,8,1,0,52,153.42857142857142,141.26666666666668,37.21494835348268,-32.0,8.0,201.0,161.0,168.0,152.28571428571428
2022-02-23,152,2022,2,Wednesday,9,2022,23,2,8,1,0,53,157.42857142857142,141.36666666666667,34.96120298682122,-17.0,28.0,169.0,124.0,149.0,153.42857142857142
2022-02-24,134,2022,2,Thursday,9,2022,24,3,8,1,0,54,158.28571428571428,141.13333333333333,34.18437404094788,-18.0,6.0,152.0,128.0,141.0,157.42857142857142
2022-02-25,143,2022,2,Friday,9,2022,25,4,8,1,0,55,160.85714285714286,142.16666666666666,31.86130658248121,9.0,18.0,134.0,125.0,112.0,158.28571428571428
2022-02-26,147,2022,2,Saturday,9,2022,26,5,8,1,1,56,164.28571428571428,145.03333333333333,28.188143404123522,4.0,24.0,143.0,123.0,61.0,160.85714285714286
2022-02-27,198,2022,2,Sunday,9,2022,27,6,8,1,1,57,163.42857142857142,148.23333333333332,26.83813917330555,51.0,-6.0,147.0,204.0,102.0,164.28571428571428
2022-02-28,221,2022,2,Monday,10,2022,28,0,9,1,0,58,166.28571428571428,151.5,32.06095385207318,23.0,20.0,198.0,201.0,123.0,163.42857142857142
2022-03-01,208,2022,3,Tuesday,10,2022,1,1,9,1,0,59,171.85714285714286,152.8,35.78374198537928,-13.0,39.0,221.0,169.0,169.0,166.28571428571428
2022-03-02,136,2022,3,Wednesday,10,2022,2,2,9,1,0,60,169.57142857142858,151.53333333333333,37.72204104966202,-72.0,-16.0,208.0,152.0,174.0,171.85714285714286
2022-03-03,116,2022,3,Thursday,10,2022,3,3,9,1,0,61,167.0,148.83333333333334,41.02032016777382,-20.0,-18.0,136.0,134.0,197.0,169.57142857142858
2022-03-04,108,2022,3,Friday,10,2022,4,4,9,1,0,62,162.0,148.5,46.23490744736784,-8.0,-35.0,116.0,143.0,118.0,167.0
2022-03-05,146,2022,3,Saturday,10,2022,5,5,9,1,1,63,161.85714285714286,151.0,46.29049064127024,38.0,-1.0,108.0,147.0,71.0,162.0
2022-03-06,226,2022,3,Sunday,10,2022,6,6,9,1,1,64,165.85714285714286,154.56666666666666,50.913091215745894,80.0,28.0,146.0,198.0,119.0,161.85714285714286
2022-03-07,247,2022,3,Monday,11,2022,7,0,10,1,0,65,169.57142857142858,158.83333333333334,56.27272027918193,21.0,26.0,226.0,221.0,119.0,165.85714285714286
2022-03-08,192,2022,3,Tuesday,11,2022,8,1,10,1,0,66,167.28571428571428,159.0,54.75616947192435,-55.0,-16.0,247.0,208.0,187.0,169.57142857142858
2022-03-09,171,2022,3,Wednesday,11,2022,9,2,10,1,0,67,172.28571428571428,159.53333333333333,52.99281173176322,-21.0,35.0,192.0,136.0,155.0,167.28571428571428
2022-03-10,132,2022,3,Thursday,11,2022,10,3,10,1,0,68,174.57142857142858,159.2,50.444217187097415,-39.0,16.0,171.0,116.0,142.0,172.28571428571428
2022-03-11,122,2022,3,Friday,11,2022,11,4,10,1,0,69,176.57142857142858,158.93333333333334,47.559987184106646,-10.0,14.0,132.0,108.0,130.0,174.57142857142858
2022-03-12,182,2022,3,Saturday,11,2022,12,5,10,1,1,70,181.71428571428572,161.16666666666666,45.60962722099473,60.0,36.0,122.0,146.0,115.0,176.57142857142858
2022-03-13,245,2022,3,Sunday,11,2022,13,6,10,1,1,71,184.42857142857142,165.53333333333333,49.11502534139347,63.0,19.0,182.0,226.0,114.0,181.71428571428572
2022-03-14,224,2022,3,Monday,12,2022,14,0,11,1,0,72,181.14285714285714,168.06666666666666,44.81230698304724,-21.0,-23.0,245.0,247.0,148.0,184.42857142857142
2022-03-15,230,2022,3,Tuesday,12,2022,15,1,11,1,0,73,186.57142857142858,169.56666666666666,48.496931665337236,6.0,38.0,224.0,192.0,185.0,181.14285714285714
2022-03-16,103,2022,3,Wednesday,12,2022,16,2,11,1,0,74,176.85714285714286,167.26666666666668,58.012724384191756,-127.0,-68.0,230.0,171.0,172.0,186.57142857142858
2022-03-17,145,2022,3,Thursday,12,2022,17,3,11,1,0,75,178.71428571428572,166.73333333333332,56.52643713553953,42.0,13.0,103.0,132.0,161.0,176.85714285714286
2022-03-18,141,2022,3,Friday,12,2022,18,4,11,1,0,76,181.42857142857142,167.3,53.73657085839266,-4.0,19.0,145.0,122.0,124.0,178.71428571428572
2022-03-19,173,2022,3,Saturday,12,2022,19,5,11,1,1,77,180.14285714285714,168.8,53.82820998766537,32.0,-9.0,141.0,182.0,128.0,181.42857142857142
2022-03-20,220,2022,3,Sunday,12,2022,20,6,11,1,1,78,176.57142857142858,171.96666666666667,49.45994050022423,47.0,-25.0,173.0,245.0,125.0,180.14285714285714
2022-03-21,189,2022,3,Monday,13,2022,21,0,12,1,0,79,171.57142857142858,174.16666666666666,45.47474442976438,-31.0,-35.0,220.0,224.0,123.0,176.57142857142858
2022-03-22,198,2022,3,Tuesday,13,2022,22,1,12,1,0,80,167.0,173.96666666666667,39.88734135035832,9.0,-32.0,189.0,230.0,204.0,171.57142857142858
2022-03-23,166,2022,3,Wednesday,13,2022,23,2,12,1,0,81,176.0,172.8,28.530685235374317,-32.0,63.0,198.0,103.0,201.0,167.0
2022-03-24,162,2022,3,Thursday,13,2022,24,3,12,1,0,82,178.42857142857142,172.56666666666666,26.069504169029642,-4.0,17.0,166.0,145.0,169.0,176.0
2022-03-25,132,2022,3,Friday,13,2022,25,4,12,1,0,83,177.14285714285714,171.9,28.345655583813834,-30.0,-9.0,162.0,141.0,152.0,178.42857142857142
2022-03-26,166,2022,3,Saturday,13,2022,26,5,12,1,1,84,176.14285714285714,172.96666666666667,28.638136411834882,34.0,-7.0,132.0,173.0,134.0,177.14285714285714
2022-03-27,212,2022,3,Sunday,13,2022,27,6,12,1,1,85,175.0,175.26666666666668,26.689573494781417,46.0,-8.0,166.0,220.0,143.0,176.14285714285714
2022-03-28,250,2022,3,Monday,14,2022,28,0,13,1,0,86,183.71428571428572,178.7,39.09694909544012,38.0,61.0,212.0,189.0,147.0,175.0
2022-03-29,211,2022,3,Tuesday,14,2022,29,1,13,1,0,87,185.57142857142858,179.13333333333333,40.18232257621571,-39.0,13.0,250.0,198.0,198.0,183.71428571428572
2022-03-30,151,2022,3,Wednesday,14,2022,30,2,13,1,0,88,183.42857142857142,176.8,41.768637129059584,-60.0,-15.0,211.0,166.0,221.0,185.57142857142858
2022-03-31,145,2022,3,Thursday,14,2022,31,3,13,1,0,89,181.0,174.7,43.673027526533346,-6.0,-17.0,151.0,162.0,208.0,183.42857142857142
2022-04-01,147,2022,4,Friday,14,2022,1,4,13,2,0,90,183.14285714285714,175.06666666666666,41.16401572339848,2.0,15.0,145.0,132.0,136.0,181.0
2022-04-02,204,2022,4,Saturday,14,2022,2,5,13,2,1,91,188.57142857142858,178.0,41.03192717408062,57.0,38.0,147.0,166.0,116.0,183.14285714285714
2022-04-03,210,2022,4,Sunday,14,2022,3,6,13,2,1,92,188.28571428571428,181.4,40.84815085865499,6.0,-2.0,204.0,212.0,108.0,188.57142857142858
2022-04-04,227,2022,4,Monday,15,2022,4,0,14,2,0,93,185.0,184.1,35.651086939951874,17.0,-23.0,210.0,250.0,146.0,188.28571428571428
2022-04-05,199,2022,4,Tuesday,15,2022,5,1,14,2,0,94,183.28571428571428,183.2,34.461158259284254,-28.0,-12.0,227.0,211.0,226.0,185.0
2022-04-06,134,2022,4,Wednesday,15,2022,6,2,14,2,0,95,180.85714285714286,179.43333333333334,37.57405386446251,-65.0,-17.0,199.0,151.0,247.0,183.28571428571428
2022-04-07,143,2022,4,Thursday,15,2022,7,3,14,2,0,96,180.57142857142858,177.8,37.89836031130794,9.0,-2.0,134.0,145.0,192.0,180.85714285714286
2022-04-08,152,2022,4,Friday,15,2022,8,4,14,2,0,97,181.28571428571428,177.16666666666666,37.200870445525446,9.0,5.0,143.0,147.0,171.0,180.57142857142858
2022-04-09,186,2022,4,Saturday,15,2022,9,5,14,2,1,98,178.71428571428572,178.96666666666667,35.97088769970472,34.0,-18.0,152.0,204.0,132.0,181.28571428571428
2022-04-10,221,2022,4,Sunday,15,2022,10,6,14,2,1,99,180.28571428571428,182.26666666666668,37.76115413893977,35.0,11.0,186.0,210.0,122.0,178.71428571428572
2022-04-11,207,2022,4,Monday,16,2022,11,0,15,2,0,100,177.42857142857142,183.1,34.22892121611567,-14.0,-20.0,221.0,227.0,182.0,180.28571428571428
2022-04-12,200,2022,4,Tuesday,16,2022,12,1,15,2,0,101,177.57142857142858,181.6,34.3358760038591,-7.0,1.0,207.0,199.0,245.0,177.42857142857142
2022-04-13,158,2022,4,Wednesday,16,2022,13,2,15,2,0,102,181.0,179.4,30.210373494325978,-42.0,24.0,200.0,134.0,224.0,177.57142857142858
2022-04-14,122,2022,4,Thursday,16,2022,14,3,15,2,0,103,178.0,175.8,35.237290853110046,-36.0,-21.0,158.0,143.0,230.0,181.0
2022-04-15,144,2022,4,Friday,16,2022,15,4,15,2,0,104,176.85714285714286,177.16666666666666,36.33377020270348,22.0,-8.0,122.0,152.0,103.0,178.0
2022-04-16,195,2022,4,Saturday,16,2022,16,5,15,2,1,105,178.14285714285714,178.83333333333334,36.866554722985214,51.0,9.0,144.0,186.0,145.0,176.85714285714286
2022-04-17,263,2022,4,Sunday,16,2022,17,6,15,2,1,106,184.14285714285714,182.9,47.02279082681998,68.0,42.0,195.0,221.0,141.0,178.14285714285714
2022-04-18,239,2022,4,Monday,17,2022,18,0,16,2,0,107,188.71428571428572,185.1,51.002334213623044,-24.0,32.0,263.0,207.0,173.0,184.14285714285714
2022-04-19,213,2022,4,Tuesday,17,2022,19,1,16,2,0,108,190.57142857142858,184.86666666666667,51.71349644228017,-26.0,13.0,239.0,200.0,220.0,188.71428571428572
2022-04-20,163,2022,4,Wednesday,17,2022,20,2,16,2,0,109,191.28571428571428,184.0,51.22081050287508,-50.0,5.0,213.0,158.0,189.0,190.57142857142858
2022-04-21,99,2022,4,Thursday,17,2022,21,3,16,2,0,110,188.0,180.7,56.83602144180522,-64.0,-23.0,163.0,122.0,198.0,191.28571428571428
2022-04-22,147,2022,4,Friday,17,2022,22,4,16,2,0,111,188.42857142857142,180.06666666666666,56.459003246772404,48.0,3.0,99.0,144.0,166.0,188.0
2022-04-23,188,2022,4,Saturday,17,2022,23,5,16,2,1,112,187.42857142857142,180.93333333333334,56.385155087892805,41.0,-7.0,147.0,195.0,162.0,188.42857142857142
2022-04-24,275,2022,4,Sunday,17,2022,24,6,16,2,1,113,189.14285714285714,185.7,59.17890550815271,87.0,12.0,188.0,263.0,132.0,187.42857142857142
2022-04-25,231,2022,4,Monday,18,2022,25,0,17,2,0,114,188.0,187.86666666666667,58.12343187848893,-44.0,-8.0,275.0,239.0,166.0,189.14285714285714
2022-04-26,214,2022,4,Tuesday,18,2022,26,1,17,2,0,115,188.14285714285714,187.93333333333334,58.19630163343315,-17.0,1.0,231.0,213.0,212.0,188.0
2022-04-27,164,2022,4,Wednesday,18,2022,27,2,17,2,0,116,188.28571428571428,185.06666666666666,58.12548002873988,-50.0,1.0,214.0,163.0,250.0,188.14285714285714
2022-04-28,114,2022,4,Thursday,18,2022,28,3,17,2,0,117,190.42857142857142,181.83333333333334,54.44525428617011,-50.0,15.0,164.0,99.0,211.0,188.28571428571428
2022-04-29,169,2022,4,Friday,18,2022,29,4,17,2,0,118,193.57142857142858,182.43333333333334,52.105204931488295,55.0,22.0,114.0,147.0,151.0,190.42857142857142
2022-04-30,200,2022,4,Saturday,18,2022,30,5,17,2,1,119,195.28571428571428,184.26666666666668,52.08875209906748,31.0,12.0,169.0,188.0,145.0,193.57142857142858
2022-05-01,240,2022,5,Sunday,18,2022,1,6,17,2,1,120,190.28571428571428,187.36666666666667,44.25198408250308,40.0,-35.0,200.0,275.0,147.0,195.28571428571428
2022-05-02,216,2022,5,Monday,19,2022,2,0,18,2,0,121,188.14285714285714,187.76666666666668,42.27066978188935,-24.0,-15.0,240.0,231.0,204.0,190.28571428571428
2022-05-03,235,2022,5,Tuesday,19,2022,3,1,18,2,0,122,191.14285714285714,188.6,45.064504033768465,19.0,21.0,216.0,214.0,210.0,188.14285714285714
2022-05-04,135,2022,5,Wednesday,19,2022,4,2,18,2,0,123,187.0,185.53333333333333,49.12568913850821,-100.0,-29.0,235.0,164.0,227.0,191.14285714285714
2022-05-05,147,2022,5,Thursday,19,2022,5,3,18,2,0,124,191.71428571428572,183.8,42.02266961896606,12.0,33.0,135.0,114.0,199.0,187.0
2022-05-06,189,2022,5,Friday,19,2022,6,4,18,2,0,125,194.57142857142858,185.63333333333333,40.88543808764997,42.0,20.0,147.0,169.0,134.0,191.71428571428572
2022-05-07,164,2022,5,Saturday,19,2022,7,5,18,2,1,126,189.42857142857142,186.33333333333334,42.327521160812836,-25.0,-36.0,189.0,200.0,143.0,194.57142857142858
2022-05-08,211,2022,5,Sunday,19,2022,8,6,18,2,1,127,185.28571428571428,188.3,37.72140986104274,47.0,-29.0,164.0,240.0,152.0,189.42857142857142
2022-05-09,234,2022,5,Monday,20,2022,9,0,19,2,0,128,187.85714285714286,189.9,40.66295845700606,23.0,18.0,211.0,216.0,186.0,185.28571428571428
2022-05-10,194,2022,5,Tuesday,20,2022,10,1,19,2,0,129,182.0,189.0,35.34590971149765,-40.0,-41.0,234.0,235.0,221.0,187.85714285714286
2022-05-11,130,2022,5,Wednesday,20,2022,11,2,19,2,0,130,181.28571428571428,186.43333333333334,36.48613565778248,-64.0,-5.0,194.0,135.0,207.0,182.0
2022-05-12,135,2022,5,Thursday,20,2022,12,3,19,2,0,131,179.57142857142858,184.26666666666668,38.58694573236384,5.0,-12.0,130.0,147.0,200.0,181.28571428571428
2022-05-13,121,2022,5,Friday,20,2022,13,4,19,2,0,132,169.85714285714286,183.03333333333333,43.997835444593576,-14.0,-68.0,135.0,189.0,158.0,179.57142857142858
2022-05-14,191,2022,5,Saturday,20,2022,14,5,19,2,1,133,173.71428571428572,185.33333333333334,44.57844877559229,70.0,27.0,121.0,164.0,122.0,169.85714285714286
2022-05-15,201,2022,5,Sunday,20,2022,15,6,19,2,1,134,172.28571428571428,187.23333333333332,43.32710577961683,10.0,-10.0,191.0,211.0,144.0,173.71428571428572
2022-05-16,260,2022,5,Monday,21,2022,16,0,20,2,0,135,176.0,189.4,50.08659168546686,59.0,26.0,201.0,234.0,195.0,172.28571428571428
2022-05-17,186,2022,5,Tuesday,21,2022,17,1,20,2,0,136,174.85714285714286,186.83333333333334,49.6971782278384,-74.0,-8.0,260.0,194.0,263.0,176.0
2022-05-18,151,2022,5,Wednesday,21,2022,18,2,20,2,0,137,177.85714285714286,183.9,47.10424103846207,-35.0,21.0,186.0,130.0,239.0,174.85714285714286
2022-05-19,146,2022,5,Thursday,21,2022,19,3,20,2,0,138,179.42857142857142,181.66666666666666,45.595530273837056,-5.0,11.0,151.0,135.0,213.0,177.85714285714286
2022-05-20,115,2022,5,Friday,21,2022,20,4,20,2,0,139,178.57142857142858,180.06666666666666,46.914308914790496,-31.0,-6.0,146.0,121.0,163.0,179.42857142857142
2022-05-21,183,2022,5,Saturday,21,2022,21,5,20,2,1,140,177.42857142857142,182.86666666666667,46.65782229114847,68.0,-8.0,115.0,191.0,99.0,178.57142857142858
2022-05-22,243,2022,5,Sunday,21,2022,22,6,20,2,1,141,183.42857142857142,186.06666666666666,52.52573065605457,60.0,42.0,183.0,201.0,147.0,177.42857142857142
2022-05-23,194,2022,5,Monday,22,2022,23,0,21,2,0,142,174.0,186.26666666666668,41.19061381755165,-49.0,-66.0,243.0,260.0,188.0,183.42857142857142
2022-05-24,202,2022,5,Tuesday,22,2022,24,1,21,2,0,143,176.28571428571428,183.83333333333334,42.39384501597025,8.0,16.0,194.0,186.0,275.0,174.0
2022-05-25,159,2022,5,Wednesday,22,2022,25,2,21,2,0,144,177.42857142857142,181.43333333333334,41.70074796634218,-43.0,8.0,202.0,151.0,231.0,176.28571428571428
2022-05-26,142,2022,5,Thursday,22,2022,26,3,21,2,0,145,176.85714285714286,179.03333333333333,42.22727622216318,-17.0,-4.0,159.0,146.0,214.0,177.42857142857142
2022-05-27,111,2022,5,Friday,22,2022,27,4,21,2,0,146,176.28571428571428,177.26666666666668,43.21926378253998,-31.0,-4.0,142.0,115.0,164.0,176.85714285714286
2022-05-28,148,2022,5,Saturday,22,2022,28,5,21,2,1,147,171.28571428571428,178.4,44.32348619605005,37.0,-35.0,111.0,183.0,114.0,176.28571428571428
2022-05-29,223,2022,5,Sunday,22,2022,29,6,21,2,1,148,168.42857142857142,180.2,39.28891761831901,75.0,-20.0,148.0,243.0,169.0,171.28571428571428
2022-05-30,228,2022,5,Monday,23,2022,30,0,22,2,0,149,173.28571428571428,181.13333333333333,44.70538478272431,5.0,34.0,223.0,194.0,200.0,168.42857142857142
2022-05-31,199,2022,5,Tuesday,23,2022,31,1,22,2,0,150,172.85714285714286,179.76666666666668,44.397554630214344,-29.0,-3.0,228.0,202.0,240.0,173.28571428571428
2022-06-01,157,2022,6,Wednesday,23,2022,1,2,22,2,0,151,172.57142857142858,177.8,44.507891221135054,-42.0,-2.0,199.0,159.0,216.0,172.85714285714286
2022-06-02,109,2022,6,Thursday,23,2022,2,3,22,2,0,152,167.85714285714286,173.6,49.72735186805682,-48.0,-33.0,157.0,142.0,235.0,172.57142857142858
2022-06-03,136,2022,6,Friday,23,2022,3,4,22,2,0,153,171.42857142857142,173.63333333333333,45.69776487188103,27.0,25.0,109.0,111.0,135.0,167.85714285714286
2022-06-04,176,2022,6,Saturday,23,2022,4,5,22,2,1,154,175.42857142857142,174.6,44.515379899749895,40.0,28.0,136.0,148.0,147.0,171.42857142857142
2022-06-05,194,2022,6,Sunday,23,2022,5,6,22,2,1,155,171.28571428571428,174.76666666666668,40.52042400943963,18.0,-29.0,176.0,223.0,189.0,175.42857142857142
2022-06-06,255,2022,6,Monday,24,2022,6,0,23,2,0,156,175.14285714285714,177.8,47.502380892711045,61.0,27.0,194.0,228.0,164.0,171.28571428571428
2022-06-07,199,2022,6,Tuesday,24,2022,7,1,23,2,0,157,175.14285714285714,177.4,47.502380892711045,-56.0,0.0,255.0,199.0,211.0,175.14285714285714
2022-06-08,122,2022,6,Wednesday,24,2022,8,2,23,2,0,158,170.14285714285714,173.66666666666666,51.411505104819355,-77.0,-35.0,199.0,157.0,234.0,175.14285714285714
2022-06-09,131,2022,6,Thursday,24,2022,9,3,23,2,0,159,173.28571428571428,171.56666666666666,47.58050821402364,9.0,22.0,122.0,109.0,194.0,170.14285714285714
2022-06-10,107,2022,6,Friday,24,2022,10,4,23,2,0,160,169.14285714285714,170.8,52.38774847687387,-24.0,-29.0,131.0,136.0,130.0,173.28571428571428
2022-06-11,181,2022,6,Saturday,24,2022,11,5,23,2,1,161,169.85714285714286,172.33333333333334,52.53071663775586,74.0,5.0,107.0,176.0,135.0,169.14285714285714
2022-06-12,227,2022,6,Sunday,24,2022,12,6,23,2,1,162,174.57142857142858,175.86666666666667,56.396977291509664,46.0,33.0,181.0,194.0,121.0,169.85714285714286
2022-06-13,196,2022,6,Monday,25,2022,13,0,24,2,0,163,166.14285714285714,176.03333333333333,45.78365272827047,-31.0,-59.0,227.0,255.0,191.0,174.57142857142858
2022-06-14,204,2022,6,Tuesday,25,2022,14,1,24,2,0,164,166.85714285714286,176.13333333333333,46.41633538395939,8.0,5.0,196.0,199.0,201.0,166.14285714285714
2022-06-15,149,2022,6,Wednesday,25,2022,15,2,24,2,0,165,170.71428571428572,172.43333333333334,43.068605293238505,-55.0,27.0,204.0,122.0,260.0,166.85714285714286
2022-06-16,130,2022,6,Thursday,25,2022,16,3,24,2,0,166,170.57142857142858,170.56666666666666,43.22367076366518,-19.0,-1.0,149.0,131.0,186.0,170.71428571428572
2022-06-17,160,2022,6,Friday,25,2022,17,4,24,2,0,167,178.14285714285714,170.86666666666667,33.85965431713973,30.0,53.0,130.0,107.0,151.0,170.57142857142858
2022-06-18,156,2022,6,Saturday,25,2022,18,5,24,2,1,168,174.57142857142858,171.2,34.81310645363884,-4.0,-25.0,160.0,181.0,146.0,178.14285714285714
2022-06-19,184,2022,6,Sunday,25,2022,19,6,24,2,1,169,168.42857142857142,173.5,26.918748998032164,28.0,-43.0,156.0,227.0,115.0,174.57142857142858
2022-06-20,190,2022,6,Monday,26,2022,20,0,25,2,0,170,167.57142857142858,173.73333333333332,25.973429646834433,6.0,-6.0,184.0,196.0,183.0,168.42857142857142
2022-06-21,164,2022,6,Tuesday,26,2022,21,1,25,2,0,171,161.85714285714286,171.1,20.432234103890885,-26.0,-40.0,190.0,204.0,243.0,167.57142857142858
2022-06-22,134,2022,6,Wednesday,26,2022,22,2,25,2,0,172,159.71428571428572,169.1,22.669467614056867,-30.0,-15.0,164.0,149.0,194.0,161.85714285714286
2022-06-23,115,2022,6,Thursday,26,2022,23,3,25,2,0,173,157.57142857142858,166.2,26.35562648883648,-19.0,-15.0,134.0,130.0,202.0,159.71428571428572
2022-06-24,122,2022,6,Friday,26,2022,24,4,25,2,0,174,152.14285714285714,164.96666666666667,29.498183963472552,7.0,-38.0,115.0,160.0,159.0,157.57142857142858
2022-06-25,172,2022,6,Saturday,26,2022,25,5,25,2,1,175,154.42857142857142,165.96666666666667,30.451366377975983,50.0,16.0,122.0,156.0,142.0,152.14285714285714
2022-06-26,194,2022,6,Sunday,26,2022,26,6,25,2,1,176,155.85714285714286,168.73333333333332,32.251245823113074,22.0,10.0,172.0,184.0,111.0,154.42857142857142
2022-06-27,232,2022,6,Monday,27,2022,27,0,26,2,0,177,161.85714285714286,171.53333333333333,42.073065696985616,38.0,42.0,194.0,190.0,148.0,155.85714285714286
2022-06-28,169,2022,6,Tuesday,27,2022,28,1,26,2,0,178,162.57142857142858,169.73333333333332,42.157866576544464,-63.0,5.0,232.0,164.0,223.0,161.85714285714286
2022-06-29,185,2022,6,Wednesday,27,2022,29,2,26,2,0,179,169.85714285714286,168.3,40.78164853390391,16.0,51.0,169.0,134.0,228.0,162.57142857142858
2022-06-30,115,2022,6,Thursday,27,2022,30,3,26,2,0,180,169.85714285714286,165.5,40.78164853390391,-70.0,0.0,185.0,115.0,199.0,169.85714285714286
2022-07-01,94,2022,7,Friday,27,2022,1,4,26,3,0,181,165.85714285714286,163.4,47.13607454815828,-21.0,-28.0,115.0,122.0,157.0,169.85714285714286
2022-07-02,129,2022,7,Saturday,27,2022,2,5,26,3,1,182,159.71428571428572,164.06666666666666,48.96840575212524,35.0,-43.0,94.0,172.0,109.0,165.85714285714286
2022-07-03,198,2022,7,Sunday,27,2022,3,6,26,3,1,183,160.28571428571428,166.13333333333333,49.456089229788205,69.0,4.0,129.0,194.0,136.0,159.71428571428572
2022-07-04,193,2022,7,Monday,28,2022,4,0,27,3,0,184,154.71428571428572,166.7,41.60414356653401,-5.0,-39.0,198.0,232.0,176.0,160.28571428571428
2022-07-05,184,2022,7,Tuesday,28,2022,5,1,27,3,0,185,156.85714285714286,166.36666666666667,42.83078554586877,-9.0,15.0,193.0,169.0,194.0,154.71428571428572
2022-07-06,135,2022,7,Wednesday,28,2022,6,2,27,3,0,186,149.71428571428572,162.36666666666667,41.503872452717474,-49.0,-50.0,184.0,185.0,255.0,156.85714285714286
2022-07-07,96,2022,7,Thursday,28,2022,7,3,27,3,0,187,147.0,158.93333333333334,44.65422712353235,-39.0,-19.0,135.0,115.0,199.0,149.71428571428572
2022-07-08,89,2022,7,Friday,28,2022,8,4,27,3,0,188,146.28571428571428,157.83333333333334,45.67170636077411,-7.0,-5.0,96.0,94.0,122.0,147.0
2022-07-09,114,2022,7,Saturday,28,2022,9,5,27,3,1,189,144.14285714285714,157.26666666666668,46.95184970239408,25.0,-15.0,89.0,129.0,131.0,146.28571428571428
2022-07-10,174,2022,7,Sunday,28,2022,10,6,27,3,1,190,140.71428571428572,159.5,43.08021311350229,60.0,-24.0,114.0,198.0,107.0,144.14285714285714
2022-07-11,209,2022,7,Monday,29,2022,11,0,28,3,0,191,143.0,160.43333333333334,46.59756789075311,35.0,16.0,174.0,193.0,181.0,140.71428571428572
2022-07-12,168,2022,7,Tuesday,29,2022,12,1,28,3,0,192,140.71428571428572,158.46666666666667,44.600875498560654,-41.0,-16.0,209.0,184.0,227.0,143.0
2022-07-13,95,2022,7,Wednesday,29,2022,13,2,28,3,0,193,135.0,155.1,47.89572005931234,-73.0,-40.0,168.0,135.0,196.0,140.71428571428572
2022-07-14,96,2022,7,Thursday,29,2022,14,3,28,3,0,194,135.0,151.5,47.89572005931234,1.0,0.0,95.0,96.0,204.0,135.0
2022-07-15,109,2022,7,Friday,29,2022,15,4,28,3,0,195,137.85714285714286,150.16666666666666,45.21588427174906,13.0,20.0,96.0,89.0,149.0,135.0
2022-07-16,122,2022,7,Saturday,29,2022,16,5,28,3,1,196,139.0,149.9,44.609416046391075,13.0,8.0,109.0,114.0,130.0,137.85714285714286
2022-07-17,181,2022,7,Sunday,29,2022,17,6,28,3,1,197,140.0,150.6,45.59239702698993,59.0,7.0,122.0,174.0,160.0,139.0
2022-07-18,188,2022,7,Monday,30,2022,18,0,29,3,0,198,137.0,151.66666666666666,40.72673159813687,7.0,-21.0,181.0,209.0,156.0,140.0
2022-07-19,136,2022,7,Tuesday,30,2022,19,1,29,3,0,199,132.42857142857142,150.06666666666666,38.39642840533126,-52.0,-32.0,188.0,168.0,184.0,137.0
2022-07-20,122,2022,7,Wednesday,30,2022,20,2,29,3,0,200,136.28571428571428,147.8,35.235939444996255,-14.0,27.0,136.0,95.0,190.0,132.42857142857142
2022-07-21,98,2022,7,Thursday,30,2022,21,3,29,3,0,201,136.57142857142858,145.6,34.8609482700303,-24.0,2.0,122.0,96.0,164.0,136.28571428571428
2022-07-22,118,2022,7,Friday,30,2022,22,4,29,3,0,202,137.85714285714286,145.06666666666666,33.82518081463677,20.0,9.0,98.0,109.0,134.0,136.57142857142858
2022-07-23,156,2022,7,Saturday,30,2022,23,5,29,3,1,203,142.71428571428572,146.43333333333334,33.60909740786625,38.0,34.0,118.0,122.0,115.0,137.85714285714286
2022-07-24,145,2022,7,Sunday,30,2022,24,6,29,3,1,204,137.57142857142858,147.2,29.245268237541058,-11.0,-36.0,156.0,181.0,122.0,142.71428571428572
2022-07-25,163,2022,7,Monday,31,2022,25,0,30,3,0,205,134.0,146.9,22.898325994127763,18.0,-25.0,145.0,188.0,172.0,137.57142857142858
2022-07-26,164,2022,7,Tuesday,31,2022,26,1,30,3,0,206,138.0,145.9,25.592967784139724,1.0,28.0,163.0,136.0,194.0,134.0
2022-07-27,120,2022,7,Wednesday,31,2022,27,2,30,3,0,207,137.71428571428572,142.16666666666666,25.811588390451853,-44.0,-2.0,164.0,122.0,232.0,138.0
2022-07-28,93,2022,7,Thursday,31,2022,28,3,30,3,0,208,137.0,139.63333333333333,27.129319932501325,-27.0,-5.0,120.0,98.0,169.0,137.71428571428572
2022-07-29,168,2022,7,Friday,31,2022,29,4,30,3,0,209,144.14285714285714,139.06666666666666,27.86532236447668,75.0,50.0,93.0,118.0,185.0,137.0
2022-07-30,141,2022,7,Saturday,31,2022,30,5,30,3,1,210,142.0,139.93333333333334,27.373953556863995,-27.0,-15.0,168.0,156.0,115.0,144.14285714285714
2022-07-31,191,2022,7,Sunday,31,2022,31,6,30,3,1,211,148.57142857142858,143.16666666666666,33.130334251544475,50.0,46.0,141.0,145.0,94.0,142.0
2022-08-01,196,2022,8,Monday,32,2022,1,0,31,3,0,212,153.28571428571428,145.4,37.575321181658246,5.0,33.0,191.0,163.0,129.0,148.57142857142858
2022-08-02,163,2022,8,Tuesday,32,2022,2,1,31,3,0,213,153.14285714285714,144.23333333333332,37.52967080159649,-33.0,-1.0,196.0,164.0,198.0,153.28571428571428
2022-08-03,99,2022,8,Wednesday,32,2022,3,2,31,3,0,214,150.14285714285714,141.1,41.2731897298501,-64.0,-21.0,163.0,120.0,193.0,153.14285714285714
2022-08-04,93,2022,8,Thursday,32,2022,4,3,31,3,0,215,150.14285714285714,138.06666666666666,41.2731897298501,-6.0,0.0,99.0,93.0,184.0,150.14285714285714
2022-08-05,71,2022,8,Friday,32,2022,5,4,31,3,0,216,136.28571428571428,135.93333333333334,49.70148986940039,-22.0,-97.0,93.0,168.0,135.0,150.14285714285714
2022-08-06,121,2022,8,Saturday,32,2022,6,5,31,3,1,217,133.42857142857142,136.76666666666668,49.95950741302796,50.0,-20.0,71.0,141.0,96.0,136.28571428571428
2022-08-07,154,2022,8,Sunday,32,2022,7,6,31,3,1,218,128.14285714285714,138.93333333333334,44.51377528896201,33.0,-37.0,121.0,191.0,89.0,133.42857142857142
2022-08-08,175,2022,8,Monday,33,2022,8,0,32,3,0,219,125.14285714285714,140.96666666666667,39.616615081001115,21.0,-21.0,154.0,196.0,114.0,128.14285714285714
2022-08-09,192,2022,8,Tuesday,33,2022,9,1,32,3,0,220,129.28571428571428,141.56666666666666,45.338410079880866,17.0,29.0,175.0,163.0,174.0,125.14285714285714
2022-08-10,64,2022,8,Wednesday,33,2022,10,2,32,3,0,221,124.28571428571429,136.73333333333332,50.83212332673874,-128.0,-35.0,192.0,99.0,209.0,129.28571428571428
2022-08-11,88,2022,8,Thursday,33,2022,11,3,32,3,0,222,123.57142857142857,134.06666666666666,51.37722304308654,24.0,-5.0,64.0,93.0,168.0,124.28571428571429
2022-08-12,51,2022,8,Friday,33,2022,12,4,32,3,0,223,120.71428571428571,132.6,55.20179431176228,-37.0,-20.0,88.0,71.0,95.0,123.57142857142857
2022-08-13,112,2022,8,Saturday,33,2022,13,5,32,3,1,224,119.42857142857143,133.13333333333333,55.298755690814566,61.0,-9.0,51.0,121.0,96.0,120.71428571428571
2022-08-14,182,2022,8,Sunday,33,2022,14,6,32,3,1,225,123.42857142857143,135.56666666666666,59.098384475542666,70.0,28.0,112.0,154.0,109.0,119.42857142857143
2022-08-15,171,2022,8,Monday,34,2022,15,0,33,3,0,226,122.85714285714286,137.2,58.53326282672846,-11.0,-4.0,182.0,175.0,122.0,123.42857142857143
2022-08-16,120,2022,8,Tuesday,34,2022,16,1,33,3,0,227,112.57142857142857,135.16666666666666,50.07280413843158,-51.0,-72.0,171.0,192.0,181.0,122.85714285714286
2022-08-17,84,2022,8,Wednesday,34,2022,17,2,33,3,0,228,115.42857142857143,131.7,47.33517769713201,-36.0,20.0,120.0,64.0,188.0,112.57142857142857
2022-08-18,84,2022,8,Thursday,34,2022,18,3,33,3,0,229,114.85714285714286,129.96666666666667,47.74386023852917,0.0,-4.0,84.0,88.0,136.0,115.42857142857143
2022-08-19,65,2022,8,Friday,34,2022,19,4,33,3,0,230,116.85714285714286,128.06666666666666,44.82718138000879,-19.0,14.0,84.0,51.0,122.0,114.85714285714286
2022-08-20,123,2022,8,Saturday,34,2022,20,5,33,3,1,231,118.42857142857143,128.9,44.821338455610594,58.0,11.0,65.0,112.0,98.0,116.85714285714286
2022-08-21,158,2022,8,Sunday,34,2022,21,6,33,3,1,232,115.0,130.23333333333332,39.78274332756205,35.0,-24.0,123.0,182.0,118.0,118.42857142857143
2022-08-22,153,2022,8,Monday,35,2022,22,0,34,3,0,233,112.42857142857143,130.13333333333333,35.95764704416013,-5.0,-18.0,158.0,171.0,156.0,115.0
2022-08-23,182,2022,8,Tuesday,35,2022,23,1,34,3,0,234,121.28571428571429,131.36666666666667,44.70538478272438,29.0,62.0,153.0,120.0,145.0,112.42857142857143
2022-08-24,108,2022,8,Wednesday,35,2022,24,2,34,3,0,235,124.71428571428571,129.53333333333333,42.220509572617004,-74.0,24.0,182.0,84.0,163.0,121.28571428571429
2022-08-25,27,2022,8,Thursday,35,2022,25,3,34,3,0,236,116.57142857142857,124.96666666666667,54.95712614653108,-81.0,-57.0,108.0,84.0,164.0,124.71428571428571
2022-08-26,81,2022,8,Friday,35,2022,26,4,34,3,0,237,118.85714285714286,123.66666666666667,52.74286230201713,54.0,16.0,27.0,65.0,120.0,116.57142857142857
2022-08-27,103,2022,8,Saturday,35,2022,27,5,34,3,1,238,116.0,124.0,53.02200800925357,22.0,-20.0,81.0,123.0,93.0,118.85714285714286
2022-08-28,172,2022,8,Sunday,35,2022,28,6,34,3,1,239,118.0,124.13333333333334,55.09385930694408,69.0,14.0,103.0,158.0,168.0,116.0
2022-08-29,148,2022,8,Monday,36,2022,29,0,35,3,0,240,117.28571428571429,124.36666666666666,54.594609885697,-24.0,-5.0,172.0,153.0,141.0,118.0
2022-08-30,134,2022,8,Tuesday,36,2022,30,1,35,3,0,241,110.42857142857143,122.46666666666667,47.68947173418606,-14.0,-48.0,148.0,182.0,191.0,117.28571428571429
2022-08-31,103,2022,8,Wednesday,36,2022,31,2,35,3,0,242,109.71428571428571,119.36666666666666,47.769286805486,-31.0,-5.0,134.0,108.0,196.0,110.42857142857143
2022-09-01,83,2022,9,Thursday,36,2022,1,3,35,3,0,243,117.71428571428571,116.7,34.43696795458012,-20.0,56.0,103.0,27.0,163.0,109.71428571428571
2022-09-02,51,2022,9,Friday,36,2022,2,4,35,3,0,244,113.42857142857143,115.1,41.00754866630123,-32.0,-30.0,83.0,81.0,99.0,117.71428571428571
2022-09-03,107,2022,9,Saturday,36,2022,3,5,35,3,1,245,114.0,115.56666666666666,40.865633483405304,56.0,4.0,51.0,103.0,93.0,113.42857142857143
2022-09-04,143,2022,9,Sunday,36,2022,4,6,35,3,1,246,109.85714285714286,117.96666666666667,35.06388726989932,36.0,-29.0,107.0,172.0,71.0,114.0
2022-09-05,149,2022,9,Monday,37,2022,5,0,36,3,0,247,110.0,118.9,35.24674925909268,6.0,1.0,143.0,148.0,121.0,109.85714285714286
2022-09-06,170,2022,9,Tuesday,37,2022,6,1,36,3,0,248,115.14285714285714,119.43333333333334,41.4183074313305,21.0,36.0,149.0,134.0,154.0,110.0
2022-09-07,100,2022,9,Wednesday,37,2022,7,2,36,3,0,249,114.71428571428571,116.93333333333334,41.58010055188393,-70.0,-3.0,170.0,103.0,175.0,115.14285714285714
2022-09-08,39,2022,9,Thursday,37,2022,8,3,36,3,0,250,108.42857142857143,111.83333333333333,49.70532212569459,-61.0,-44.0,100.0,83.0,192.0,114.71428571428571
2022-09-09,92,2022,9,Friday,37,2022,9,4,36,3,0,251,114.28571428571429,112.76666666666667,43.885131444542566,53.0,41.0,39.0,51.0,64.0,108.42857142857143
2022-09-10,155,2022,9,Saturday,37,2022,10,5,36,3,1,252,121.14285714285714,115.0,46.24366108426328,63.0,48.0,92.0,107.0,88.0,114.28571428571429
2022-09-11,172,2022,9,Sunday,37,2022,11,6,36,3,1,253,125.28571428571429,119.03333333333333,49.69813640273423,17.0,29.0,155.0,143.0,51.0,121.14285714285714
2022-09-12,131,2022,9,Monday,38,2022,12,0,37,3,0,254,122.71428571428571,119.66666666666667,48.72273352250238,-41.0,-18.0,172.0,149.0,112.0,125.28571428571429
2022-09-13,125,2022,9,Tuesday,38,2022,13,1,37,3,0,255,116.28571428571429,117.76666666666667,44.20299494270471,-6.0,-45.0,131.0,170.0,182.0,122.71428571428571
2022-09-14,116,2022,9,Wednesday,38,2022,14,2,37,3,0,256,118.57142857142857,115.93333333333334,43.630483009234084,-9.0,16.0,125.0,100.0,171.0,116.28571428571429
2022-09-15,50,2022,9,Thursday,38,2022,15,3,37,3,0,257,120.14285714285714,113.6,40.36264185039023,-66.0,11.0,116.0,39.0,120.0,118.57142857142857
2022-09-16,82,2022,9,Friday,38,2022,16,4,37,3,0,258,118.71428571428571,113.53333333333333,41.68018828218164,32.0,-10.0,50.0,92.0,84.0,120.14285714285714
2022-09-17,128,2022,9,Saturday,38,2022,17,5,37,3,1,259,114.85714285714286,115.0,38.92055400183225,46.0,-27.0,82.0,155.0,84.0,118.71428571428571
2022-09-18,133,2022,9,Sunday,38,2022,18,6,37,3,1,260,109.28571428571429,117.26666666666667,31.452155653279355,5.0,-39.0,128.0,172.0,65.0,114.85714285714286
2022-09-19,160,2022,9,Monday,39,2022,19,0,38,3,0,261,113.42857142857143,118.5,36.321972885372446,27.0,29.0,133.0,131.0,123.0,109.28571428571429
2022-09-20,69,2022,9,Tuesday,39,2022,20,1,38,3,0,262,105.42857142857143,115.53333333333333,39.38636457310743,-91.0,-56.0,160.0,125.0,158.0,113.42857142857143
2022-09-21,70,2022,9,Wednesday,39,2022,21,2,38,3,0,263,98.85714285714286,112.76666666666667,41.12755998690184,1.0,-46.0,69.0,116.0,153.0,105.42857142857143
2022-09-22,59,2022,9,Thursday,39,2022,22,3,38,3,0,264,100.14285714285714,108.66666666666667,39.452201338787276,-11.0,9.0,70.0,50.0,182.0,98.85714285714286
2022-09-23,49,2022,9,Friday,39,2022,23,4,38,3,0,265,95.42857142857143,106.7,43.72206591206626,-10.0,-33.0,59.0,82.0,108.0,100.14285714285714
2022-09-24,146,2022,9,Saturday,39,2022,24,5,38,3,1,266,98.0,110.66666666666667,46.40402281411981,97.0,18.0,49.0,128.0,27.0,95.42857142857143
2022-09-25,124,2022,9,Sunday,39,2022,25,6,38,3,1,267,96.71428571428571,112.1,45.386173686540054,-22.0,-9.0,146.0,133.0,81.0,98.0
2022-09-26,153,2022,9,Monday,40,2022,26,0,39,3,0,268,95.71428571428571,113.76666666666667,43.80910972889217,29.0,-7.0,124.0,160.0,103.0,96.71428571428571
2022-09-27,138,2022,9,Tuesday,40,2022,27,1,39,3,0,269,105.57142857142857,112.63333333333334,44.5528044117584,-15.0,69.0,153.0,69.0,172.0,95.71428571428571
2022-09-28,121,2022,9,Wednesday,40,2022,28,2,39,3,0,270,112.85714285714286,111.73333333333333,41.854623684959115,-17.0,51.0,138.0,70.0,148.0,105.57142857142857
2022-09-29,36,2022,9,Thursday,40,2022,29,3,39,3,0,271,109.57142857142857,108.46666666666667,47.331656576605596,-85.0,-23.0,121.0,59.0,134.0,112.85714285714286
2022-09-30,98,2022,9,Friday,40,2022,30,4,39,3,0,272,116.57142857142857,108.3,39.924333193585056,62.0,49.0,36.0,49.0,103.0,109.57142857142857
2022-10-01,115,2022,10,Saturday,40,2022,1,5,39,4,1,273,112.14285714285714,109.36666666666666,37.77754435035281,17.0,-31.0,98.0,146.0,83.0,116.57142857142857
2022-10-02,134,2022,10,Sunday,40,2022,2,6,39,4,1,274,113.57142857142857,112.13333333333334,38.483144114695165,19.0,10.0,115.0,124.0,51.0,112.14285714285714
2022-10-03,173,2022,10,Monday,41,2022,3,0,40,4,0,275,116.42857142857143,114.33333333333333,42.43762930410224,39.0,20.0,134.0,153.0,107.0,113.57142857142857
2022-10-04,141,2022,10,Tuesday,41,2022,4,1,40,4,0,276,116.85714285714286,114.26666666666667,42.70608298368676,-32.0,3.0,173.0,138.0,143.0,116.42857142857143
2022-10-05,82,2022,10,Wednesday,41,2022,5,2,40,4,0,277,111.28571428571429,112.03333333333333,44.578448775592356,-59.0,-39.0,141.0,121.0,149.0,116.85714285714286
2022-10-06,69,2022,10,Thursday,41,2022,6,3,40,4,0,278,116.0,108.66666666666667,36.25833237569928,-13.0,33.0,82.0,36.0,170.0,111.28571428571429
2022-10-07,69,2022,10,Friday,41,2022,7,4,40,4,0,279,111.85714285714286,107.63333333333334,40.10996788592008,0.0,-29.0,69.0,98.0,100.0,116.0
2022-10-08,119,2022,10,Saturday,41,2022,8,5,40,4,1,280,112.42857142857143,110.3,40.19061724191021,50.0,4.0,69.0,115.0,39.0,111.85714285714286
2022-10-09,169,2022,10,Sunday,41,2022,9,6,40,4,1,281,117.42857142857143,112.86666666666666,45.18796721420866,50.0,35.0,119.0,134.0,92.0,112.42857142857143
2022-10-10,198,2022,10,Monday,42,2022,10,0,41,4,0,282,121.0,114.3,50.93459858812425,29.0,25.0,169.0,173.0,155.0,117.42857142857143
2022-10-11,115,2022,10,Tuesday,42,2022,11,1,41,4,0,283,117.28571428571429,112.4,50.17540661092289,-83.0,-26.0,198.0,141.0,172.0,121.0
2022-10-12,139,2022,10,Wednesday,42,2022,12,2,41,4,0,284,125.42857142857143,112.66666666666667,48.07583295467411,24.0,57.0,115.0,82.0,131.0,117.28571428571429
2022-10-13,31,2022,10,Thursday,42,2022,13,3,41,4,0,285,120.0,109.53333333333333,56.853613195058664,-108.0,-38.0,139.0,69.0,125.0,125.42857142857143
2022-10-14,77,2022,10,Friday,42,2022,14,4,41,4,0,286,121.14285714285714,108.23333333333333,55.72679957144683,46.0,8.0,31.0,69.0,116.0,120.0
2022-10-15,132,2022,10,Saturday,42,2022,15,5,41,4,1,287,123.0,110.96666666666667,55.8599439073595,55.0,13.0,77.0,119.0,50.0,121.14285714285714
2022-10-16,165,2022,10,Sunday,42,2022,16,6,41,4,1,288,122.42857142857143,113.73333333333333,55.328886797817745,33.0,-4.0,132.0,169.0,82.0,123.0
2022-10-17,157,2022,10,Monday,43,2022,17,0,42,4,0,289,116.57142857142857,114.7,47.630022544809535,-8.0,-41.0,165.0,198.0,128.0,122.42857142857143
2022-10-18,139,2022,10,Tuesday,43,2022,18,1,42,4,0,290,120.0,114.9,48.35631637473382,-18.0,24.0,157.0,115.0,133.0,116.57142857142857
2022-10-19,90,2022,10,Wednesday,43,2022,19,2,42,4,0,291,113.0,112.56666666666666,48.69291529575958,-49.0,-49.0,139.0,139.0,160.0,120.0
2022-10-20,62,2022,10,Thursday,43,2022,20,3,42,4,0,292,117.42857142857143,112.33333333333333,40.75478353460362,-28.0,31.0,90.0,31.0,69.0,113.0
2022-10-21,101,2022,10,Friday,43,2022,21,4,42,4,0,293,120.85714285714286,113.36666666666666,37.680359921443696,39.0,24.0,62.0,77.0,70.0,117.42857142857143
2022-10-22,131,2022,10,Saturday,43,2022,22,5,42,4,1,294,120.71428571428571,115.76666666666667,37.632938966258166,30.0,-1.0,101.0,132.0,59.0,120.85714285714286
2022-10-23,150,2022,10,Sunday,43,2022,23,6,42,4,1,295,118.57142857142857,119.13333333333334,35.02788005221552,19.0,-15.0,131.0,165.0,49.0,120.71428571428571
2022-10-24,192,2022,10,Monday,44,2022,24,0,43,4,0,296,123.57142857142857,120.66666666666667,43.01494756809231,42.0,35.0,150.0,157.0,146.0,118.57142857142857
2022-10-25,154,2022,10,Tuesday,44,2022,25,1,43,4,0,297,125.71428571428571,121.66666666666667,44.26704675683081,-38.0,15.0,192.0,139.0,124.0,123.57142857142857
2022-10-26,121,2022,10,Wednesday,44,2022,26,2,43,4,0,298,130.14285714285714,120.6,41.56692824601717,-33.0,31.0,154.0,90.0,153.0,125.71428571428571
2022-10-27,91,2022,10,Thursday,44,2022,27,3,43,4,0,299,134.28571428571428,119.03333333333333,34.485331595304565,-30.0,29.0,121.0,62.0,138.0,130.14285714285714
2022-10-28,72,2022,10,Friday,44,2022,28,4,43,4,0,300,130.14285714285714,117.4,40.38740963645568,-19.0,-29.0,91.0,101.0,121.0,134.28571428571428
2022-10-29,117,2022,10,Saturday,44,2022,29,5,43,4,1,301,128.14285714285714,120.1,40.68344696732165,45.0,-14.0,72.0,131.0,36.0,130.14285714285714
2022-10-30,183,2022,10,Sunday,44,2022,30,6,43,4,1,302,132.85714285714286,122.93333333333334,45.28954467802556,66.0,33.0,117.0,150.0,98.0,128.14285714285714
2022-10-31,191,2022,10,Monday,45,2022,31,0,44,4,0,303,132.71428571428572,125.46666666666667,45.07295673207433,8.0,-1.0,183.0,192.0,115.0,132.85714285714286
2022-11-01,152,2022,11,Tuesday,45,2022,1,1,44,4,0,304,132.42857142857142,126.06666666666666,44.921624869904214,-39.0,-2.0,191.0,154.0,134.0,132.71428571428572
2022-11-02,112,2022,11,Wednesday,45,2022,2,2,44,4,0,305,131.14285714285714,124.03333333333333,45.42917040635389,-40.0,-9.0,152.0,121.0,173.0,132.42857142857142
2022-11-03,109,2022,11,Thursday,45,2022,3,3,44,4,0,306,133.71428571428572,122.96666666666667,43.23468625118159,-3.0,18.0,112.0,91.0,141.0,131.14285714285714
2022-11-04,82,2022,11,Friday,45,2022,4,4,44,4,0,307,135.14285714285714,122.96666666666667,40.961073274629165,-27.0,10.0,109.0,72.0,82.0,133.71428571428572
2022-11-05,145,2022,11,Saturday,45,2022,5,5,44,4,1,308,139.14285714285714,125.5,40.255138684101006,63.0,28.0,82.0,117.0,69.0,135.14285714285714
2022-11-06,170,2022,11,Sunday,45,2022,6,6,44,4,1,309,137.28571428571428,128.86666666666667,38.13884409065702,25.0,-13.0,145.0,183.0,69.0,139.14285714285714
2022-11-07,180,2022,11,Monday,46,2022,7,0,45,4,0,310,135.71428571428572,130.9,35.70580851772968,10.0,-11.0,170.0,191.0,119.0,137.28571428571428
2022-11-08,180,2022,11,Tuesday,46,2022,8,1,45,4,0,311,139.71428571428572,131.26666666666668,39.22887663322488,0.0,28.0,180.0,152.0,169.0,135.71428571428572
2022-11-09,132,2022,11,Wednesday,46,2022,9,2,45,4,0,312,142.57142857142858,129.06666666666666,37.56708285568269,-48.0,20.0,180.0,112.0,198.0,139.71428571428572
2022-11-10,106,2022,11,Thursday,46,2022,10,3,45,4,0,313,142.14285714285714,128.76666666666668,38.0281850361396,-26.0,-3.0,132.0,109.0,115.0,142.57142857142858
2022-11-11,126,2022,11,Friday,46,2022,11,4,45,4,0,314,148.42857142857142,128.33333333333334,28.99343111153044,20.0,44.0,106.0,82.0,139.0,142.14285714285714
2022-11-12,141,2022,11,Saturday,46,2022,12,5,45,4,1,315,147.85714285714286,132.0,29.111444321369632,15.0,-4.0,126.0,145.0,31.0,148.42857142857142
2022-11-13,194,2022,11,Sunday,46,2022,13,6,45,4,1,316,151.28571428571428,135.9,33.270178266801864,53.0,24.0,141.0,170.0,77.0,147.85714285714286
2022-11-14,185,2022,11,Monday,47,2022,14,0,46,4,0,317,152.0,137.66666666666666,34.034296427770414,-9.0,5.0,194.0,180.0,132.0,151.28571428571428
2022-11-15,172,2022,11,Tuesday,47,2022,15,1,46,4,0,318,150.85714285714286,137.9,33.057669666955306,-13.0,-8.0,185.0,180.0,165.0,152.0
2022-11-16,120,2022,11,Wednesday,47,2022,16,2,46,4,0,319,149.14285714285714,136.66666666666666,34.47911721331533,-52.0,-12.0,172.0,132.0,157.0,150.85714285714286
2022-11-17,99,2022,11,Thursday,47,2022,17,3,46,4,0,320,148.14285714285714,135.33333333333334,36.00661314920086,-21.0,-7.0,120.0,106.0,139.0,149.14285714285714
2022-11-18,119,2022,11,Friday,47,2022,18,4,46,4,0,321,147.14285714285714,136.3,36.81226503684432,20.0,-7.0,99.0,126.0,90.0,148.14285714285714
2022-11-19,131,2022,11,Saturday,47,2022,19,5,46,4,1,322,145.71428571428572,138.6,37.281426500400656,12.0,-10.0,119.0,141.0,62.0,147.14285714285714
2022-11-20,229,2022,11,Sunday,47,2022,20,6,46,4,1,323,150.71428571428572,142.86666666666667,46.1328309909343,98.0,35.0,131.0,194.0,101.0,145.71428571428572
2022-11-21,178,2022,11,Monday,48,2022,21,0,47,4,0,324,149.71428571428572,144.43333333333334,45.334733871923284,-51.0,-7.0,229.0,185.0,131.0,150.71428571428572
2022-11-22,148,2022,11,Tuesday,48,2022,22,1,47,4,0,325,146.28571428571428,144.36666666666667,44.263281568791406,-30.0,-24.0,178.0,172.0,150.0,149.71428571428572
2022-11-23,153,2022,11,Wednesday,48,2022,23,2,47,4,0,326,151.0,143.06666666666666,42.72782075728505,5.0,33.0,148.0,120.0,192.0,146.28571428571428
2022-11-24,120,2022,11,Thursday,48,2022,24,3,47,4,0,327,154.0,141.93333333333334,39.0469802502918,-33.0,21.0,153.0,99.0,154.0,151.0
2022-11-25,127,2022,11,Friday,48,2022,25,4,47,4,0,328,155.14285714285714,142.13333333333333,37.95360576382963,7.0,8.0,120.0,119.0,121.0,154.0
2022-11-26,167,2022,11,Saturday,48,2022,26,5,47,4,1,329,160.28571428571428,144.66666666666666,36.550030942596635,40.0,36.0,127.0,131.0,91.0,155.14285714285714
2022-11-27,195,2022,11,Sunday,48,2022,27,6,47,4,1,330,155.42857142857142,148.76666666666668,26.875373751554143,28.0,-34.0,167.0,229.0,72.0,160.28571428571428
2022-11-28,188,2022,11,Monday,49,2022,28,0,48,4,0,331,156.85714285714286,151.13333333333333,28.492271299591657,-7.0,10.0,195.0,178.0,117.0,155.42857142857142
2022-11-29,182,2022,11,Tuesday,49,2022,29,1,48,4,0,332,161.71428571428572,151.1,29.60694899126618,-6.0,34.0,188.0,148.0,183.0,156.85714285714286
2022-11-30,124,2022,11,Wednesday,49,2022,30,2,48,4,0,333,157.57142857142858,148.86666666666667,32.87784027201896,-58.0,-29.0,182.0,153.0,191.0,161.71428571428572
2022-12-01,131,2022,12,Thursday,49,2022,1,3,48,4,0,334,159.14285714285714,148.16666666666666,30.991550307724207,7.0,11.0,124.0,120.0,152.0,157.57142857142858
2022-12-02,120,2022,12,Friday,49,2022,2,4,48,4,0,335,158.14285714285714,148.43333333333334,32.287399871717774,-11.0,-7.0,131.0,127.0,112.0,159.14285714285714
2022-12-03,146,2022,12,Saturday,49,2022,3,5,48,4,1,336,155.14285714285714,149.66666666666666,32.30288207693242,26.0,-21.0,120.0,167.0,109.0,158.14285714285714
2022-12-04,197,2022,12,Sunday,49,2022,4,6,48,4,1,337,155.42857142857142,153.5,32.720315518329876,51.0,2.0,146.0,195.0,82.0,155.14285714285714
2022-12-05,222,2022,12,Monday,50,2022,5,0,49,4,0,338,160.28571428571428,156.06666666666666,40.06126260996739,25.0,34.0,197.0,188.0,145.0,155.42857142857142
2022-12-06,177,2022,12,Tuesday,50,2022,6,1,49,4,0,339,159.57142857142858,156.3,39.652058134297704,-45.0,-5.0,222.0,182.0,170.0,160.28571428571428
2022-12-07,130,2022,12,Wednesday,50,2022,7,2,49,4,0,340,160.42857142857142,154.63333333333333,38.81089684979882,-47.0,6.0,177.0,124.0,180.0,159.57142857142858
2022-12-08,125,2022,12,Thursday,50,2022,8,3,49,4,0,341,159.57142857142858,152.8,39.62683073733912,-5.0,-6.0,130.0,131.0,180.0,160.42857142857142
2022-12-09,136,2022,12,Friday,50,2022,9,4,49,4,0,342,161.85714285714286,152.93333333333334,37.36053430840535,11.0,16.0,125.0,120.0,132.0,159.57142857142858
2022-12-10,161,2022,12,Saturday,50,2022,10,5,49,4,1,343,164.0,154.76666666666668,36.72419729097799,25.0,15.0,136.0,146.0,106.0,161.85714285714286
2022-12-11,202,2022,12,Sunday,50,2022,11,6,49,4,1,344,164.71428571428572,157.3,37.5131722897185,41.0,5.0,161.0,197.0,126.0,164.0
2022-12-12,227,2022,12,Monday,51,2022,12,0,50,4,0,345,165.42857142857142,160.16666666666666,38.81089684979881,25.0,5.0,202.0,222.0,141.0,164.71428571428572
2022-12-13,168,2022,12,Tuesday,51,2022,13,1,50,4,0,346,164.14285714285714,159.3,38.51159380164454,-59.0,-9.0,227.0,177.0,194.0,165.42857142857142
2022-12-14,127,2022,12,Wednesday,51,2022,14,2,50,4,0,347,163.71428571428572,157.36666666666667,38.96885203045424,-41.0,-3.0,168.0,130.0,185.0,164.14285714285714
2022-12-15,115,2022,12,Thursday,51,2022,15,3,50,4,0,348,162.28571428571428,155.46666666666667,40.76646614442771,-12.0,-10.0,127.0,125.0,172.0,163.71428571428572
2022-12-16,136,2022,12,Friday,51,2022,16,4,50,4,0,349,162.28571428571428,156.0,40.76646614442771,21.0,0.0,115.0,136.0,120.0,162.28571428571428
2022-12-17,186,2022,12,Saturday,51,2022,17,5,50,4,1,350,165.85714285714286,158.9,41.71901473520436,50.0,25.0,136.0,161.0,99.0,162.28571428571428
2022-12-18,250,2022,12,Sunday,51,2022,18,6,50,4,1,351,172.71428571428572,163.26666666666668,51.45779592933192,64.0,48.0,186.0,202.0,119.0,165.85714285714286
2022-12-19,249,2022,12,Monday,52,2022,19,0,51,4,0,352,175.85714285714286,167.2,55.81346483728513,-1.0,22.0,250.0,227.0,131.0,172.71428571428572
2022-12-20,203,2022,12,Tuesday,52,2022,20,1,51,4,0,353,180.85714285714286,166.33333333333334,56.555072190531206,-46.0,35.0,249.0,168.0,229.0,175.85714285714286
2022-12-21,163,2022,12,Wednesday,52,2022,21,2,51,4,0,354,186.0,165.83333333333334,52.31953108862252,-40.0,36.0,203.0,127.0,178.0,180.85714285714286
2022-12-22,118,2022,12,Thursday,52,2022,22,3,51,4,0,355,186.42857142857142,164.83333333333334,51.648998515160514,-45.0,3.0,163.0,115.0,148.0,186.0
2022-12-23,148,2022,12,Friday,52,2022,23,4,51,4,0,356,188.14285714285714,164.66666666666666,49.86457851497589,30.0,12.0,118.0,136.0,153.0,186.42857142857142
2022-12-24,183,2022,12,Saturday,52,2022,24,5,51,4,1,357,187.71428571428572,166.76666666666668,49.89894549892579,35.0,-3.0,148.0,186.0,120.0,188.14285714285714
2022-12-25,236,2022,12,Sunday,52,2022,25,6,51,4,1,358,185.71428571428572,170.4,47.19362345951093,53.0,-14.0,183.0,250.0,127.0,187.71428571428572
2022-12-26,224,2022,12,Monday,53,2022,26,0,52,4,0,359,182.14285714285714,172.3,42.29826068696989,-12.0,-25.0,236.0,249.0,167.0,185.71428571428572
2022-12-27,225,2022,12,Tuesday,53,2022,27,1,52,4,0,360,185.28571428571428,173.3,44.84682926627143,1.0,22.0,224.0,203.0,195.0,182.14285714285714
2022-12-28,203,2022,12,Wednesday,53,2022,28,2,52,4,0,361,191.0,173.8,44.07569246950829,-22.0,40.0,225.0,163.0,188.0,185.28571428571428
2022-12-29,145,2022,12,Thursday,53,2022,29,3,52,4,0,362,194.85714285714286,172.56666666666666,37.28014919242581,-58.0,27.0,203.0,118.0,182.0,191.0
2022-12-30,166,2022,12,Friday,53,2022,30,4,52,4,0,363,197.42857142857142,173.96666666666667,33.9845903455137,21.0,18.0,145.0,148.0,124.0,194.85714285714286
2022-12-31,212,2022,12,Saturday,53,2022,31,5,52,4,1,364,201.57142857142858,176.66666666666666,33.698947277608674,46.0,29.0,166.0,183.0,131.0,197.42857142857142
2023-01-01,231,2023,1,Sunday,1,2023,1,6,52,1,1,365,200.85714285714286,180.36666666666667,32.89087295602726,19.0,-5.0,212.0,236.0,120.0,201.57142857142858
2023-01-02,254,2023,1,Monday,2,2023,2,0,1,1,0,366,205.14285714285714,183.96666666666667,37.97116700615776,23.0,30.0,231.0,224.0,146.0,200.85714285714286
2023-01-03,224,2023,1,Tuesday,2,2023,3,1,1,1,0,367,205.0,184.86666666666667,37.885793291593274,-30.0,-1.0,254.0,225.0,197.0,205.14285714285714
2023-01-04,184,2023,1,Wednesday,2,2023,4,2,1,1,0,368,202.28571428571428,183.6,38.7243002334636,-40.0,-19.0,224.0,203.0,222.0,205.0
2023-01-05,141,2023,1,Thursday,2,2023,5,3,1,1,0,369,201.71428571428572,182.4,39.72704488428627,-43.0,-4.0,184.0,145.0,177.0,202.28571428571428
2023-01-06,168,2023,1,Friday,2,2023,6,4,1,1,0,370,202.0,183.66666666666666,39.43348830626071,27.0,2.0,141.0,166.0,130.0,201.71428571428572
2023-01-07,217,2023,1,Saturday,2,2023,7,5,1,1,1,371,202.71428571428572,186.73333333333332,39.689269270649156,49.0,5.0,168.0,212.0,125.0,202.0
2023-01-08,277,2023,1,Sunday,2,2023,8,6,1,1,1,372,209.28571428571428,191.43333333333334,48.075337702798244,60.0,46.0,217.0,231.0,136.0,202.71428571428572
2023-01-09,278,2023,1,Monday,3,2023,9,0,2,1,0,373,212.71428571428572,195.33333333333334,52.45224585504508,1.0,24.0,277.0,254.0,161.0,209.28571428571428
2023-01-10,276,2023,1,Tuesday,3,2023,10,1,2,1,0,374,220.14285714285714,197.8,57.73337732319887,-2.0,52.0,278.0,224.0,202.0,212.71428571428572
2023-01-11,176,2023,1,Wednesday,3,2023,11,2,2,1,0,375,219.0,196.1,58.640145520510636,-100.0,-8.0,276.0,184.0,227.0,220.14285714285714
2023-01-12,183,2023,1,Thursday,3,2023,12,3,2,1,0,376,225.0,196.6,50.977119050282376,7.0,42.0,176.0,141.0,168.0,219.0
2023-01-13,180,2023,1,Friday,3,2023,13,4,2,1,0,377,226.71428571428572,198.36666666666667,48.9002872715293,-3.0,12.0,183.0,168.0,127.0,225.0
2023-01-14,260,2023,1,Saturday,3,2023,14,5,2,1,1,378,232.85714285714286,203.2,50.161168817551,80.0,43.0,180.0,217.0,115.0,226.71428571428572
2023-01-15,241,2023,1,Sunday,3,2023,15,6,2,1,1,379,227.71428571428572,206.7,46.600122623995574,-19.0,-36.0,260.0,277.0,136.0,232.85714285714286
2023-01-16,251,2023,1,Monday,4,2023,16,0,3,1,0,380,223.85714285714286,208.86666666666667,42.69827698096088,10.0,-27.0,241.0,278.0,186.0,227.71428571428572
2023-01-17,230,2023,1,Tuesday,4,2023,17,1,3,1,0,381,217.28571428571428,208.2,36.412975186116824,-21.0,-46.0,251.0,276.0,250.0,223.85714285714286
2023-01-18,157,2023,1,Wednesday,4,2023,18,2,3,1,0,382,214.57142857142858,205.13333333333333,40.48397684210852,-73.0,-19.0,230.0,176.0,249.0,217.28571428571428
2023-01-19,164,2023,1,Thursday,4,2023,19,3,3,1,0,383,211.85714285714286,203.83333333333334,43.479606604432256,7.0,-19.0,157.0,183.0,203.0,214.57142857142858
2023-01-20,170,2023,1,Friday,4,2023,20,4,3,1,0,384,210.42857142857142,204.06666666666666,44.84364370735701,6.0,-10.0,164.0,180.0,163.0,211.85714285714286
2023-01-21,228,2023,1,Saturday,4,2023,21,5,3,1,1,385,205.85714285714286,207.73333333333332,40.35438254361217,58.0,-32.0,170.0,260.0,118.0,210.42857142857142
2023-01-22,273,2023,1,Sunday,4,2023,22,6,3,1,1,386,210.42857142857142,211.9,46.36398438032528,45.0,32.0,228.0,241.0,148.0,205.85714285714286
2023-01-23,314,2023,1,Monday,5,2023,23,0,4,1,0,387,219.42857142857142,216.26666666666668,59.73791967937152,41.0,63.0,273.0,251.0,183.0,210.42857142857142
2023-01-24,270,2023,1,Tuesday,5,2023,24,1,4,1,0,388,225.14285714285714,217.4,62.75462418932051,-44.0,40.0,314.0,230.0,236.0,219.42857142857142
2023-01-25,197,2023,1,Wednesday,5,2023,25,2,4,1,0,389,230.85714285714286,216.5,57.08014415839232,-73.0,40.0,270.0,157.0,224.0,225.14285714285714
2023-01-26,165,2023,1,Thursday,5,2023,26,3,4,1,0,390,231.0,214.5,56.88585061331149,-32.0,1.0,197.0,164.0,225.0,230.85714285714286
2023-01-27,203,2023,1,Friday,5,2023,27,4,4,1,0,391,235.71428571428572,214.5,52.15909727527326,38.0,33.0,165.0,170.0,203.0,231.0
2023-01-28,208,2023,1,Saturday,5,2023,28,5,4,1,1,392,232.85714285714286,216.6,53.18968750747506,5.0,-20.0,203.0,228.0,145.0,235.71428571428572
2023-01-29,311,2023,1,Sunday,5,2023,29,6,4,1,1,393,238.28571428571428,221.43333333333334,59.53070436257874,103.0,38.0,208.0,273.0,166.0,232.85714285714286
2023-01-30,309,2023,1,Monday,6,2023,30,0,5,1,0,394,237.57142857142858,224.66666666666666,58.4917576611073,-2.0,-5.0,311.0,314.0,212.0,238.28571428571428
2023-01-31,250,2023,1,Tuesday,6,2023,31,1,5,1,0,395,234.71428571428572,225.3,57.11600559596308,-59.0,-20.0,309.0,270.0,231.0,237.57142857142858
2023-02-01,183,2023,2,Wednesday,6,2023,1,2,5,1,0,396,232.71428571428572,222.93333333333334,58.87476620113311,-67.0,-14.0,250.0,197.0,254.0,234.71428571428572
2023-02-02,218,2023,2,Thursday,6,2023,2,3,5,1,0,397,240.28571428571428,222.73333333333332,51.68402166277392,35.0,53.0,183.0,165.0,224.0,232.71428571428572
2023-02-03,200,2023,2,Friday,6,2023,3,4,5,1,0,398,239.85714285714286,223.26666666666668,52.05583083391824,-18.0,-3.0,218.0,203.0,184.0,240.28571428571428
2023-02-04,267,2023,2,Saturday,6,2023,4,5,5,1,1,399,248.28571428571428,227.46666666666667,50.79932507988088,67.0,59.0,200.0,208.0,141.0,239.85714285714286
2023-02-05,250,2023,2,Sunday,6,2023,5,6,5,1,1,400,239.57142857142858,230.2,42.859682464437014,-17.0,-61.0,267.0,311.0,168.0,248.28571428571428
2023-02-06,281,2023,2,Monday,7,2023,6,0,6,1,0,401,235.57142857142858,232.33333333333334,36.06871748416307,31.0,-28.0,250.0,309.0,217.0,239.57142857142858
2023-02-07,267,2023,2,Tuesday,7,2023,7,1,6,1,0,402,238.0,232.0,37.73592452822627,-14.0,17.0,281.0,250.0,277.0,235.57142857142858
2023-02-08,226,2023,2,Wednesday,7,2023,8,2,6,1,0,403,244.14285714285714,230.26666666666668,29.996825228838997,-41.0,43.0,267.0,183.0,278.0,238.0
2023-02-09,190,2023,2,Thursday,7,2023,9,3,6,1,0,404,240.14285714285714,227.4,35.437402893122865,-36.0,-28.0,226.0,218.0,276.0,244.14285714285714
2023-02-10,222,2023,2,Friday,7,2023,10,4,6,1,0,405,243.28571428571428,228.93333333333334,32.102514365255196,32.0,22.0,190.0,200.0,176.0,240.14285714285714
2023-02-11,228,2023,2,Saturday,7,2023,11,5,6,1,1,406,237.71428571428572,230.43333333333334,30.652429407331123,6.0,-39.0,222.0,267.0,183.0,243.28571428571428
2023-02-12,287,2023,2,Sunday,7,2023,12,6,6,1,1,407,243.0,234.0,35.87013613950545,59.0,37.0,228.0,250.0,180.0,237.71428571428572
2023-02-13,303,2023,2,Monday,8,2023,13,0,7,1,0,408,246.14285714285714,235.43333333333334,40.4286555610767,16.0,22.0,287.0,281.0,260.0,243.0
2023-02-14,285,2023,2,Tuesday,8,2023,14,1,7,1,0,409,248.71428571428572,236.9,42.495938181251496,-18.0,18.0,303.0,267.0,241.0,246.14285714285714
2023-02-15,246,2023,2,Wednesday,8,2023,15,2,7,1,0,410,251.57142857142858,236.73333333333332,41.3717179679432,-39.0,20.0,285.0,226.0,251.0,248.71428571428572
2023-02-16,184,2023,2,Thursday,8,2023,16,3,7,1,0,411,250.71428571428572,235.2,42.89411103991722,-62.0,-6.0,246.0,190.0,230.0,251.57142857142858
2023-02-17,186,2023,2,Friday,8,2023,17,4,7,1,0,412,245.57142857142858,236.16666666666666,48.678733011645186,2.0,-36.0,184.0,222.0,157.0,250.71428571428572
2023-02-18,282,2023,2,Saturday,8,2023,18,5,7,1,1,413,253.28571428571428,240.1,49.69813640273393,96.0,54.0,186.0,228.0,164.0,245.57142857142858
2023-02-19,304,2023,2,Sunday,8,2023,19,6,7,1,1,414,255.71428571428572,244.56666666666666,51.98305584744014,22.0,17.0,282.0,287.0,170.0,253.28571428571428
2023-02-20,293,2023,2,Monday,9,2023,20,0,8,1,0,415,254.28571428571428,246.73333333333332,50.58561813306967,-11.0,-10.0,304.0,303.0,228.0,255.71428571428572
2023-02-21,313,2023,2,Tuesday,9,2023,21,1,8,1,0,416,258.2857142857143,248.06666666666666,54.383558439765714,20.0,28.0,293.0,285.0,273.0,254.28571428571428
2023-02-22,241,2023,2,Wednesday,9,2023,22,2,8,1,0,417,257.57142857142856,245.63333333333333,54.604203570961744,-72.0,-5.0,313.0,246.0,314.0,258.2857142857143
2023-02-23,236,2023,2,Thursday,9,2023,23,3,8,1,0,418,265.0,244.5,45.74567374808953,-5.0,52.0,241.0,184.0,270.0,257.57142857142856
2023-02-24,225,2023,2,Friday,9,2023,24,4,8,1,0,419,270.57142857142856,245.43333333333334,35.81832465306495,-11.0,39.0,236.0,186.0,197.0,265.0
2023-02-25,305,2023,2,Saturday,9,2023,25,5,8,1,1,420,273.85714285714283,250.1,38.02818503613913,80.0,23.0,225.0,282.0,165.0,270.57142857142856
2023-02-26,338,2023,2,Sunday,9,2023,26,6,8,1,1,421,278.7142857142857,254.6,44.19168204430263,33.0,34.0,305.0,304.0,203.0,273.85714285714283
2023-02-27,309,2023,2,Monday,10,2023,27,0,9,1,0,422,281.0,257.96666666666664,45.44960579220292,-29.0,16.0,338.0,293.0,208.0,278.7142857142857
2023-02-28,307,2023,2,Tuesday,10,2023,28,1,9,1,0,423,280.14285714285717,257.8333333333333,44.797427647237754,-2.0,-6.0,309.0,313.0,311.0,281.0
2023-03-01,258,2023,3,Wednesday,10,2023,1,2,9,1,0,424,282.57142857142856,256.1333333333333,42.73506422465856,-49.0,17.0,307.0,241.0,309.0,280.14285714285717
2023-03-02,246,2023,3,Thursday,10,2023,2,3,9,1,0,425,284.0,256.0,41.0528115155748,-12.0,10.0,258.0,236.0,250.0,282.57142857142856
2023-03-03,210,2023,3,Friday,10,2023,3,4,9,1,0,426,281.85714285714283,256.9,44.86063074095334,-36.0,-15.0,246.0,225.0,183.0,284.0
2023-03-04,283,2023,3,Saturday,10,2023,4,5,9,1,1,427,278.7142857142857,259.06666666666666,43.725333182318224,73.0,-22.0,210.0,305.0,218.0,281.85714285714283
2023-03-05,330,2023,3,Sunday,10,2023,5,6,9,1,1,428,277.57142857142856,263.4,41.98752649242818,47.0,-8.0,283.0,338.0,200.0,278.7142857142857
2023-03-06,284,2023,3,Monday,11,2023,6,0,10,1,0,429,274.0,263.96666666666664,39.87898360456685,-46.0,-25.0,330.0,309.0,267.0,277.57142857142856
2023-03-07,269,2023,3,Tuesday,11,2023,7,1,10,1,0,430,268.57142857142856,264.6,37.12975959549195,-15.0,-38.0,284.0,307.0,250.0,274.0
2023-03-08,210,2023,3,Wednesday,11,2023,8,2,10,1,0,431,261.7142857142857,262.23333333333335,43.32325890217333,-59.0,-48.0,269.0,258.0,281.0,268.57142857142856
2023-03-09,219,2023,3,Thursday,11,2023,9,3,10,1,0,432,257.85714285714283,260.6333333333333,46.070339595841595,9.0,-27.0,210.0,246.0,267.0,261.7142857142857
2023-03-10,249,2023,3,Friday,11,2023,10,4,10,1,0,433,263.42857142857144,261.4,41.44416783600591,30.0,39.0,219.0,210.0,226.0,257.85714285714283
2023-03-11,304,2023,3,Saturday,11,2023,11,5,10,1,1,434,266.42857142857144,265.2,43.79062739467232,55.0,21.0,249.0,283.0,190.0,263.42857142857144
2023-03-12,315,2023,3,Sunday,11,2023,12,6,10,1,1,435,264.2857142857143,268.3,40.39684098917564,11.0,-15.0,304.0,330.0,222.0,266.42857142857144
2023-03-13,357,2023,3,Monday,12,2023,13,0,11,1,0,436,274.7142857142857,272.6,53.5994847167838,42.0,73.0,315.0,284.0,228.0,264.2857142857143
2023-03-14,270,2023,3,Tuesday,12,2023,14,1,11,1,0,437,274.85714285714283,272.03333333333336,53.583046359299466,-87.0,1.0,357.0,269.0,287.0,274.7142857142857
2023-03-15,221,2023,3,Wednesday,12,2023,15,2,11,1,0,438,276.42857142857144,269.3,51.48416307583358,-49.0,11.0,270.0,210.0,303.0,274.85714285714283
2023-03-16,227,2023,3,Thursday,12,2023,16,3,11,1,0,439,277.57142857142856,267.3666666666667,50.06614672230154,6.0,8.0,221.0,219.0,285.0,276.42857142857144
2023-03-17,246,2023,3,Friday,12,2023,17,4,11,1,0,440,277.14285714285717,267.3666666666667,50.36344101107636,19.0,-3.0,227.0,249.0,246.0,277.57142857142856
2023-03-18,278,2023,3,Saturday,12,2023,18,5,11,1,1,441,273.42857142857144,270.5,48.99271082809862,32.0,-26.0,246.0,304.0,184.0,277.14285714285717
2023-03-19,277,2023,3,Sunday,12,2023,19,6,11,1,1,442,268.0,273.53333333333336,45.60701700396527,-1.0,-38.0,278.0,315.0,186.0,273.42857142857144
2023-03-20,326,2023,3,Monday,13,2023,20,0,12,1,0,443,263.57142857142856,275.0,36.02247975388458,49.0,-31.0,277.0,357.0,282.0,268.0
2023-03-21,276,2023,3,Tuesday,13,2023,21,1,12,1,0,444,264.42857142857144,274.06666666666666,36.27146326823643,-50.0,6.0,326.0,270.0,304.0,263.57142857142856
2023-03-22,272,2023,3,Wednesday,13,2023,22,2,12,1,0,445,271.7142857142857,273.3666666666667,30.80429778301626,-4.0,51.0,276.0,221.0,293.0,264.42857142857144
2023-03-23,240,2023,3,Thursday,13,2023,23,3,12,1,0,446,273.57142857142856,270.93333333333334,27.915689392986398,-32.0,13.0,272.0,227.0,313.0,271.7142857142857
2023-03-24,223,2023,3,Friday,13,2023,24,4,12,1,0,447,270.2857142857143,270.3333333333333,32.65330144469428,-17.0,-23.0,240.0,246.0,241.0,273.57142857142856
2023-03-25,272,2023,3,Saturday,13,2023,25,5,12,1,1,448,269.42857142857144,271.53333333333336,32.49542092283709,49.0,-6.0,223.0,278.0,236.0,270.2857142857143
2023-03-26,300,2023,3,Sunday,13,2023,26,6,12,1,1,449,272.7142857142857,274.03333333333336,34.49016422940614,28.0,23.0,272.0,277.0,225.0,269.42857142857144
2023-03-27,330,2023,3,Monday,14,2023,27,0,13,1,0,450,273.2857142857143,274.8666666666667,35.53737134207792,30.0,4.0,300.0,326.0,305.0,272.7142857142857
2023-03-28,324,2023,3,Tuesday,14,2023,28,1,13,1,0,451,280.14285714285717,274.4,40.44102113542845,-6.0,48.0,330.0,276.0,338.0,273.2857142857143
2023-03-29,242,2023,3,Wednesday,14,2023,29,2,13,1,0,452,275.85714285714283,272.1666666666667,42.95900592979509,-82.0,-30.0,324.0,272.0,309.0,280.14285714285717
2023-03-30,245,2023,3,Thursday,14,2023,30,3,13,1,0,453,276.57142857142856,270.1,42.29994934140812,3.0,5.0,242.0,240.0,307.0,275.85714285714283
2023-03-31,234,2023,3,Friday,14,2023,31,4,13,1,0,454,278.14285714285717,269.3,40.12658541594135,-11.0,11.0,245.0,223.0,258.0,276.57142857142856
2023-04-01,268,2023,4,Saturday,14,2023,1,5,13,2,1,455,277.57142857142856,270.03333333333336,40.256913041352625,34.0,-4.0,234.0,272.0,246.0,278.14285714285717
2023-04-02,322,2023,4,Sunday,14,2023,2,6,13,2,1,456,280.7142857142857,273.76666666666665,43.060865008010175,54.0,22.0,268.0,300.0,210.0,277.57142857142856
2023-04-03,313,2023,4,Monday,15,2023,3,0,14,2,0,457,278.2857142857143,274.76666666666665,40.202463795619224,-9.0,-17.0,322.0,330.0,283.0,280.7142857142857
2023-04-04,296,2023,4,Tuesday,15,2023,4,1,14,2,0,458,274.2857142857143,273.6333333333333,36.07729796660786,-17.0,-28.0,313.0,324.0,330.0,278.2857142857143
2023-04-05,240,2023,4,Wednesday,15,2023,5,2,14,2,0,459,274.0,272.1666666666667,36.38223009474056,-56.0,-2.0,296.0,242.0,284.0,274.2857142857143
2023-04-06,276,2023,4,Thursday,15,2023,6,3,14,2,0,460,278.42857142857144,272.4,34.07764244025243,36.0,31.0,240.0,245.0,269.0,274.0
2023-04-07,247,2023,4,Friday,15,2023,7,4,14,2,0,461,280.2857142857143,273.6333333333333,31.510391332142188,-29.0,13.0,276.0,234.0,210.0,278.42857142857144
2023-04-08,272,2023,4,Saturday,15,2023,8,5,14,2,1,462,280.85714285714283,275.4,31.285931723531963,25.0,4.0,247.0,268.0,219.0,280.2857142857143
2023-04-09,329,2023,4,Sunday,15,2023,9,6,14,2,1,463,281.85714285714283,278.06666666666666,32.89087295602693,57.0,7.0,272.0,322.0,249.0,280.85714285714283
2023-04-10,333,2023,4,Monday,16,2023,10,0,15,2,0,464,284.7142857142857,279.03333333333336,36.6956595331302,4.0,20.0,329.0,313.0,304.0,281.85714285714283
2023-04-11,304,2023,4,Tuesday,16,2023,11,1,15,2,0,465,285.85714285714283,278.6666666666667,37.226462681935075,-29.0,8.0,333.0,296.0,315.0,284.7142857142857
2023-04-12,277,2023,4,Wednesday,16,2023,12,2,15,2,0,466,291.14285714285717,276.0,31.87176687617909,-27.0,37.0,304.0,240.0,357.0,285.85714285714283
2023-04-13,253,2023,4,Thursday,16,2023,13,3,15,2,0,467,287.85714285714283,275.43333333333334,34.74875811415672,-24.0,-23.0,277.0,276.0,270.0,291.14285714285717
2023-04-14,237,2023,4,Friday,16,2023,14,4,15,2,0,468,286.42857142857144,275.96666666666664,36.85040543810017,-16.0,-10.0,253.0,247.0,221.0,287.85714285714283
2023-04-15,275,2023,4,Saturday,16,2023,15,5,15,2,1,469,286.85714285714283,277.56666666666666,36.67164468372676,38.0,3.0,237.0,272.0,227.0,286.42857142857144
2023-04-16,320,2023,4,Sunday,16,2023,16,6,15,2,1,470,285.57142857142856,280.03333333333336,35.070676938895296,45.0,-9.0,275.0,329.0,246.0,286.85714285714283
2023-04-17,290,2023,4,Monday,17,2023,17,0,16,2,0,471,279.42857142857144,280.43333333333334,28.535691936339887,-30.0,-43.0,320.0,333.0,278.0,285.57142857142856
2023-04-18,278,2023,4,Tuesday,17,2023,18,1,16,2,0,472,275.7142857142857,280.46666666666664,26.41788715822557,-12.0,-26.0,290.0,304.0,277.0,279.42857142857144
2023-04-19,292,2023,4,Wednesday,17,2023,19,2,16,2,0,473,277.85714285714283,279.3333333333333,27.1380948203106,14.0,15.0,278.0,277.0,326.0,275.7142857142857
2023-04-20,271,2023,4,Thursday,17,2023,20,3,16,2,0,474,280.42857142857144,279.1666666666667,25.171790711410004,-21.0,18.0,292.0,253.0,276.0,277.85714285714283
2023-04-21,243,2023,4,Friday,17,2023,21,4,16,2,0,475,281.2857142857143,278.2,23.49265336024736,-28.0,6.0,271.0,237.0,272.0,280.42857142857144
2023-04-22,298,2023,4,Saturday,17,2023,22,5,16,2,1,476,284.57142857142856,280.1333333333333,24.068355039048576,55.0,23.0,243.0,275.0,240.0,281.2857142857143
2023-04-23,332,2023,4,Sunday,17,2023,23,6,16,2,1,477,286.2857142857143,283.76666666666665,27.231809131444237,34.0,12.0,298.0,320.0,223.0,284.57142857142856
2023-04-24,397,2023,4,Monday,18,2023,24,0,17,2,0,478,301.57142857142856,287.93333333333334,50.096098127688876,65.0,107.0,332.0,290.0,272.0,286.2857142857143
2023-04-25,330,2023,4,Tuesday,18,2023,25,1,17,2,0,479,309.0,288.93333333333334,49.87317248113781,-67.0,52.0,397.0,278.0,300.0,301.57142857142856
2023-04-26,262,2023,4,Wednesday,18,2023,26,2,17,2,0,480,304.7142857142857,286.6666666666667,52.78167070020376,-68.0,-30.0,330.0,292.0,330.0,309.0
2023-04-27,218,2023,4,Thursday,18,2023,27,3,17,2,0,481,297.14285714285717,283.1333333333333,61.504548805836365,-44.0,-53.0,262.0,271.0,324.0,304.7142857142857
2023-04-28,215,2023,4,Friday,18,2023,28,4,17,2,0,482,293.14285714285717,282.23333333333335,66.33357262459816,-3.0,-28.0,218.0,243.0,242.0,297.14285714285717
2023-04-29,290,2023,4,Saturday,18,2023,29,5,17,2,1,483,292.0,283.73333333333335,66.30485150675865,75.0,-8.0,215.0,298.0,245.0,293.14285714285717
2023-04-30,310,2023,4,Sunday,18,2023,30,6,17,2,1,484,288.85714285714283,286.26666666666665,64.59212689750073,20.0,-22.0,290.0,332.0,234.0,292.0
2023-05-01,306,2023,5,Monday,19,2023,1,0,18,2,0,485,275.85714285714283,287.53333333333336,45.55007709992925,-4.0,-91.0,310.0,397.0,268.0,288.85714285714283
2023-05-02,294,2023,5,Tuesday,19,2023,2,1,18,2,0,486,270.7142857142857,286.6,40.127772119045794,-12.0,-36.0,306.0,330.0,322.0,275.85714285714283
2023-05-03,242,2023,5,Wednesday,19,2023,3,2,18,2,0,487,267.85714285714283,284.23333333333335,41.5388515786867,-52.0,-20.0,294.0,262.0,313.0,270.7142857142857
2023-05-04,270,2023,5,Thursday,19,2023,4,3,18,2,0,488,275.2857142857143,283.3666666666667,35.320977174639495,28.0,52.0,242.0,218.0,296.0,267.85714285714283
2023-05-05,263,2023,5,Friday,19,2023,5,4,18,2,0,489,282.14285714285717,284.1333333333333,24.741520914099755,-7.0,48.0,270.0,215.0,240.0,275.2857142857143
2023-05-06,284,2023,5,Saturday,19,2023,6,5,18,2,1,490,281.2857142857143,284.4,24.526953104113986,21.0,-6.0,263.0,290.0,276.0,282.14285714285717
2023-05-07,352,2023,5,Sunday,19,2023,7,6,18,2,1,491,287.2857142857143,287.9,35.43404335623313,68.0,42.0,284.0,310.0,247.0,281.2857142857143
2023-05-08,334,2023,5,Monday,20,2023,8,0,19,2,0,492,291.2857142857143,289.96666666666664,39.27133936139787,-18.0,28.0,352.0,306.0,272.0,287.2857142857143
2023-05-09,288,2023,5,Tuesday,20,2023,9,1,19,2,0,493,290.42857142857144,288.6,39.267701498207956,-46.0,-6.0,334.0,294.0,329.0,291.2857142857143
2023-05-10,292,2023,5,Wednesday,20,2023,10,2,19,2,0,494,297.57142857142856,287.23333333333335,33.044702766893906,4.0,50.0,288.0,242.0,333.0,290.42857142857144
2023-05-11,244,2023,5,Thursday,20,2023,11,3,19,2,0,495,293.85714285714283,285.23333333333335,37.78195588473649,-48.0,-26.0,292.0,270.0,304.0,297.57142857142856
2023-05-12,222,2023,5,Friday,20,2023,12,4,19,2,0,496,288.0,283.4,45.70922591045832,-22.0,-41.0,244.0,263.0,277.0,293.85714285714283
2023-05-13,278,2023,5,Saturday,20,2023,13,5,19,2,1,497,287.14285714285717,284.23333333333335,45.85276644299852,56.0,-6.0,222.0,284.0,253.0,288.0
2023-05-14,303,2023,5,Sunday,20,2023,14,6,19,2,1,498,280.14285714285717,286.43333333333334,37.23093951464071,25.0,-49.0,278.0,352.0,237.0,287.14285714285717
2023-05-15,302,2023,5,Monday,21,2023,15,0,20,2,0,499,275.57142857142856,287.3333333333333,30.950805820727133,-1.0,-32.0,303.0,334.0,275.0,280.14285714285717
2023-05-16,321,2023,5,Tuesday,21,2023,16,1,20,2,0,500,280.2857142857143,287.3666666666667,35.35870607414917,19.0,33.0,302.0,288.0,320.0,275.57142857142856
2023-05-17,297,2023,5,Wednesday,21,2023,17,2,20,2,0,501,281.0,287.6,35.68379650952673,-24.0,5.0,321.0,292.0,290.0,280.2857142857143
2023-05-18,203,2023,5,Thursday,21,2023,18,3,20,2,0,502,275.14285714285717,285.1,44.93487350758687,-94.0,-41.0,297.0,244.0,278.0,281.0
2023-05-19,251,2023,5,Friday,21,2023,19,4,20,2,0,503,279.2857142857143,283.73333333333335,40.318375817626965,48.0,29.0,203.0,222.0,292.0,275.14285714285717
2023-05-20,266,2023,5,Saturday,21,2023,20,5,20,2,1,504,277.57142857142856,283.56666666666666,40.63601499022377,15.0,-12.0,251.0,278.0,271.0,279.2857142857143
2023-05-21,307,2023,5,Sunday,21,2023,21,6,20,2,1,505,278.14285714285717,285.7,41.07890201156998,41.0,4.0,266.0,303.0,243.0,277.57142857142856
2023-05-22,315,2023,5,Monday,22,2023,22,0,21,2,0,506,280.0,286.26666666666665,42.60281680828134,8.0,13.0,307.0,302.0,298.0,278.14285714285717
2023-05-23,282,2023,5,Tuesday,22,2023,23,1,21,2,0,507,274.42857142857144,284.6,38.720610975108464,-33.0,-39.0,315.0,321.0,332.0,280.0
2023-05-24,256,2023,5,Wednesday,22,2023,24,2,21,2,0,508,268.57142857142856,279.9,37.82793122749845,-26.0,-41.0,282.0,297.0,397.0,274.42857142857144
2023-05-25,211,2023,5,Thursday,22,2023,25,3,21,2,0,509,269.7142857142857,275.93333333333334,35.570185482199385,-45.0,8.0,256.0,203.0,330.0,268.57142857142856
2023-05-26,242,2023,5,Friday,22,2023,26,4,21,2,0,510,268.42857142857144,275.26666666666665,36.5096203890475,31.0,-9.0,211.0,251.0,262.0,269.7142857142857
2023-05-27,274,2023,5,Saturday,22,2023,27,5,21,2,1,511,269.57142857142856,277.1333333333333,36.54612219673956,32.0,8.0,242.0,266.0,218.0,268.42857142857144
2023-05-28,309,2023,5,Sunday,22,2023,28,6,21,2,1,512,269.85714285714283,280.26666666666665,36.89366960798058,35.0,2.0,274.0,307.0,215.0,269.57142857142856
2023-05-29,304,2023,5,Monday,23,2023,29,0,22,2,0,513,268.2857142857143,280.73333333333335,34.826782250227104,-5.0,-11.0,309.0,315.0,290.0,269.85714285714283
2023-05-30,283,2023,5,Tuesday,23,2023,30,1,22,2,0,514,268.42857142857144,279.8333333333333,34.89439851350098,-21.0,1.0,304.0,282.0,310.0,268.2857142857143
2023-05-31,266,2023,5,Wednesday,23,2023,31,2,22,2,0,515,269.85714285714283,278.5,34.50327796711732,-17.0,10.0,283.0,256.0,306.0,268.42857142857144
2023-06-01,233,2023,6,Thursday,23,2023,1,3,22,2,0,516,273.0,276.46666666666664,28.77498913987588,-33.0,22.0,266.0,211.0,294.0,269.85714285714283
2023-06-02,213,2023,6,Friday,23,2023,2,4,22,2,0,517,268.85714285714283,275.5,35.32434746473735,-20.0,-29.0,233.0,242.0,242.0,273.0
2023-06-03,273,2023,6,Saturday,23,2023,3,5,22,2,1,518,268.7142857142857,275.6,35.302097603939444,60.0,-1.0,213.0,274.0,270.0,268.85714285714283
2023-06-04,324,2023,6,Sunday,23,2023,4,6,22,2,1,519,270.85714285714283,277.6333333333333,38.4682924472805,51.0,15.0,273.0,309.0,263.0,268.7142857142857
2023-06-05,285,2023,6,Monday,24,2023,5,0,23,2,0,520,268.14285714285717,277.6666666666667,36.35211397534072,-39.0,-19.0,324.0,304.0,284.0,270.85714285714283
2023-06-06,301,2023,6,Tuesday,24,2023,6,1,23,2,0,521,270.7142857142857,275.96666666666664,38.16942181779462,16.0,18.0,285.0,283.0,352.0,268.14285714285717
2023-06-07,233,2023,6,Wednesday,24,2023,7,2,23,2,0,522,266.0,272.6,40.79624165696276,-68.0,-33.0,301.0,266.0,334.0,270.7142857142857
2023-06-08,230,2023,6,Thursday,24,2023,8,3,23,2,0,523,265.57142857142856,270.6666666666667,41.21430634644986,-3.0,-3.0,233.0,233.0,288.0,266.0
2023-06-09,213,2023,6,Friday,24,2023,9,4,23,2,0,524,265.57142857142856,268.03333333333336,41.21430634644986,-17.0,0.0,230.0,213.0,292.0,265.57142857142856
2023-06-10,230,2023,6,Saturday,24,2023,10,5,23,2,1,525,259.42857142857144,267.56666666666666,43.08463431765064,17.0,-43.0,213.0,273.0,244.0,265.57142857142856
2023-06-11,272,2023,6,Sunday,24,2023,11,6,23,2,1,526,252.0,269.23333333333335,33.51616525399783,42.0,-52.0,230.0,324.0,222.0,259.42857142857144
2023-06-12,315,2023,6,Monday,25,2023,12,0,24,2,0,527,256.2857142857143,270.46666666666664,39.7731663550279,43.0,30.0,272.0,285.0,278.0,252.0
2023-06-13,291,2023,6,Tuesday,25,2023,13,1,24,2,0,528,254.85714285714286,270.06666666666666,38.04133090656553,-24.0,-10.0,315.0,301.0,303.0,256.2857142857143
2023-06-14,224,2023,6,Wednesday,25,2023,14,2,24,2,0,529,253.57142857142858,267.46666666666664,39.04210181695747,-67.0,-9.0,291.0,233.0,302.0,254.85714285714286
2023-06-15,227,2023,6,Thursday,25,2023,15,3,24,2,0,530,253.14285714285714,264.3333333333333,39.359152139531865,3.0,-3.0,224.0,230.0,321.0,253.57142857142858
2023-06-16,190,2023,6,Friday,25,2023,16,4,24,2,0,531,249.85714285714286,260.76666666666665,43.95993847216061,-37.0,-23.0,227.0,213.0,297.0,253.14285714285714
2023-06-17,260,2023,6,Saturday,25,2023,17,5,24,2,1,532,254.14285714285714,262.6666666666667,43.15641540346174,70.0,30.0,190.0,230.0,203.0,249.85714285714286
2023-06-18,275,2023,6,Sunday,25,2023,18,6,24,2,1,533,254.57142857142858,263.46666666666664,43.377633033846,15.0,3.0,260.0,272.0,251.0,254.14285714285714
2023-06-19,296,2023,6,Monday,26,2023,19,0,25,2,0,534,251.85714285714286,264.46666666666664,39.376086530737766,21.0,-19.0,275.0,315.0,266.0,254.57142857142858
2023-06-20,282,2023,6,Tuesday,26,2023,20,1,25,2,0,535,250.57142857142858,263.6333333333333,38.008144490608906,-14.0,-9.0,296.0,291.0,307.0,251.85714285714286
2023-06-21,219,2023,6,Wednesday,26,2023,21,2,25,2,0,536,249.85714285714286,260.43333333333334,38.6325793919607,-63.0,-5.0,282.0,224.0,315.0,250.57142857142858
2023-06-22,201,2023,6,Thursday,26,2023,22,3,25,2,0,537,246.14285714285714,257.73333333333335,42.27461244225439,-18.0,-26.0,219.0,227.0,282.0,249.85714285714286
2023-06-23,238,2023,6,Friday,26,2023,23,4,25,2,0,538,253.0,257.1333333333333,34.89985673322971,37.0,48.0,201.0,190.0,256.0,246.14285714285714
2023-06-24,245,2023,6,Saturday,26,2023,24,5,25,2,1,539,250.85714285714286,258.26666666666665,34.858899253172275,7.0,-15.0,238.0,260.0,211.0,253.0
2023-06-25,311,2023,6,Sunday,26,2023,25,6,25,2,1,540,256.0,260.56666666666666,41.109609582188476,66.0,36.0,245.0,275.0,242.0,250.85714285714286
2023-06-26,281,2023,6,Monday,27,2023,26,0,26,2,0,541,253.85714285714286,260.8,39.0146492633577,-30.0,-15.0,311.0,296.0,274.0,256.0
2023-06-27,286,2023,6,Tuesday,27,2023,27,1,26,2,0,542,254.42857142857142,260.03333333333336,39.52154325114775,5.0,4.0,281.0,282.0,309.0,253.85714285714286
2023-06-28,260,2023,6,Wednesday,27,2023,28,2,26,2,0,543,260.2857142857143,258.56666666666666,36.30295803243489,-26.0,41.0,286.0,219.0,304.0,254.42857142857142
2023-06-29,154,2023,6,Thursday,27,2023,29,3,26,2,0,544,253.57142857142858,254.26666666666668,50.619025220619115,-106.0,-47.0,260.0,201.0,283.0,260.2857142857143
2023-06-30,197,2023,6,Friday,27,2023,30,4,26,2,0,545,247.71428571428572,251.96666666666667,54.91118369911588,43.0,-41.0,154.0,238.0,266.0,253.57142857142858
2023-07-01,262,2023,7,Saturday,27,2023,1,5,26,3,1,546,250.14285714285714,252.93333333333334,55.146557980918566,65.0,17.0,197.0,245.0,233.0,247.71428571428572
2023-07-02,285,2023,7,Sunday,27,2023,2,6,26,3,1,547,246.42857142857142,255.33333333333334,51.090955308015786,23.0,-26.0,262.0,311.0,213.0,250.14285714285714
2023-07-03,305,2023,7,Monday,28,2023,3,0,27,3,0,548,249.85714285714286,256.4,54.489841779388684,20.0,24.0,285.0,281.0,273.0,246.42857142857142
2023-07-04,258,2023,7,Tuesday,28,2023,4,1,27,3,0,549,245.85714285714286,254.2,52.38138527959599,-47.0,-28.0,305.0,286.0,324.0,249.85714285714286
2023-07-05,228,2023,7,Wednesday,28,2023,5,2,27,3,0,550,241.28571428571428,252.3,52.337731086072516,-30.0,-32.0,258.0,260.0,285.0,245.85714285714286
2023-07-06,195,2023,7,Thursday,28,2023,6,3,27,3,0,551,247.14285714285714,248.76666666666668,42.26672675374972,-33.0,41.0,228.0,154.0,301.0,241.28571428571428
2023-07-07,231,2023,7,Friday,28,2023,7,4,27,3,0,552,252.0,248.7,37.19318934070175,36.0,34.0,195.0,197.0,233.0,247.14285714285714
2023-07-08,251,2023,7,Saturday,28,2023,8,5,27,3,1,553,250.42857142857142,249.4,36.93172594061015,20.0,-11.0,231.0,262.0,230.0,252.0
2023-07-09,291,2023,7,Sunday,28,2023,9,6,27,3,1,554,251.28571428571428,252.0,37.92410968286601,40.0,6.0,251.0,285.0,213.0,250.42857142857142
2023-07-10,285,2023,7,Monday,29,2023,10,0,28,3,0,555,248.42857142857142,253.83333333333334,33.72366697566663,-6.0,-20.0,291.0,305.0,230.0,251.28571428571428
2023-07-11,255,2023,7,Tuesday,29,2023,11,1,28,3,0,556,248.0,253.26666666666668,33.60059523282219,-30.0,-3.0,285.0,258.0,272.0,248.42857142857142
2023-07-12,212,2023,7,Wednesday,29,2023,12,2,28,3,0,557,245.71428571428572,249.83333333333334,35.66844677355668,-43.0,-16.0,255.0,228.0,315.0,248.0
2023-07-13,201,2023,7,Thursday,29,2023,13,3,28,3,0,558,246.57142857142858,246.83333333333334,34.29216209212147,-11.0,6.0,212.0,195.0,291.0,245.71428571428572
2023-07-14,194,2023,7,Friday,29,2023,14,4,28,3,0,559,241.28571428571428,245.83333333333334,39.542021048137826,-7.0,-37.0,201.0,231.0,224.0,246.57142857142858
2023-07-15,246,2023,7,Saturday,29,2023,15,5,28,3,1,560,240.57142857142858,246.46666666666667,39.38213276287011,52.0,-5.0,194.0,251.0,227.0,241.28571428571428
2023-07-16,320,2023,7,Sunday,29,2023,16,6,28,3,1,561,244.71428571428572,250.8,46.46042863094763,74.0,29.0,246.0,291.0,190.0,240.57142857142858
2023-07-17,305,2023,7,Monday,30,2023,17,0,29,3,0,562,247.57142857142858,252.3,49.84260942492545,-15.0,20.0,320.0,285.0,260.0,244.71428571428572
2023-07-18,253,2023,7,Tuesday,30,2023,18,1,29,3,0,563,247.28571428571428,251.56666666666666,49.79864216928725,-52.0,-2.0,305.0,255.0,275.0,247.57142857142858
2023-07-19,240,2023,7,Wednesday,30,2023,19,2,29,3,0,564,251.28571428571428,249.7,47.566494810647804,-13.0,28.0,253.0,212.0,296.0,247.28571428571428
2023-07-20,180,2023,7,Thursday,30,2023,20,3,29,3,0,565,248.28571428571428,246.3,51.745255130991296,-60.0,-21.0,240.0,201.0,282.0,251.28571428571428
2023-07-21,156,2023,7,Friday,30,2023,21,4,29,3,0,566,242.85714285714286,244.2,59.76182887492766,-24.0,-38.0,180.0,194.0,219.0,248.28571428571428
2023-07-22,215,2023,7,Saturday,30,2023,22,5,29,3,1,567,238.42857142857142,244.66666666666666,60.63238173027394,59.0,-31.0,156.0,246.0,201.0,242.85714285714286
2023-07-23,236,2023,7,Sunday,30,2023,23,6,29,3,1,568,226.42857142857142,244.6,48.99271082809813,21.0,-84.0,215.0,320.0,238.0,238.42857142857142
2023-07-24,276,2023,7,Monday,31,2023,24,0,30,3,0,569,222.28571428571428,245.63333333333333,41.96313574918689,40.0,-29.0,236.0,305.0,245.0,226.42857142857142
2023-07-25,255,2023,7,Tuesday,31,2023,25,1,30,3,0,570,222.57142857142858,243.76666666666668,42.2131778115828,-21.0,2.0,276.0,253.0,311.0,222.28571428571428
2023-07-26,244,2023,7,Wednesday,31,2023,26,2,30,3,0,571,223.14285714285714,242.53333333333333,42.514423322869106,-11.0,4.0,255.0,240.0,281.0,222.57142857142858
2023-07-27,190,2023,7,Thursday,31,2023,27,3,30,3,0,572,224.57142857142858,239.33333333333334,40.9628170534243,-54.0,10.0,244.0,180.0,286.0,223.14285714285714
2023-07-28,188,2023,7,Friday,31,2023,28,4,30,3,0,573,229.14285714285714,236.93333333333334,33.057669666954084,-2.0,32.0,190.0,156.0,260.0,224.57142857142858
2023-07-29,247,2023,7,Saturday,31,2023,29,5,30,3,1,574,233.71428571428572,240.03333333333333,32.98845396859381,59.0,32.0,188.0,215.0,154.0,229.14285714285714
2023-07-30,225,2023,7,Sunday,31,2023,30,6,30,3,1,575,232.14285714285714,240.96666666666667,33.12314684843203,-22.0,-11.0,247.0,236.0,197.0,233.71428571428572
2023-07-31,283,2023,7,Monday,32,2023,31,0,31,3,0,576,233.14285714285714,241.66666666666666,34.73436613033448,58.0,7.0,225.0,276.0,262.0,232.14285714285714
2023-08-01,266,2023,8,Tuesday,32,2023,1,1,31,3,0,577,234.71428571428572,241.03333333333333,36.10962145889514,-17.0,11.0,283.0,255.0,285.0,233.14285714285714
2023-08-02,177,2023,8,Wednesday,32,2023,2,2,31,3,0,578,225.14285714285714,236.76666666666668,41.687042636884804,-89.0,-67.0,266.0,244.0,305.0,234.71428571428572
2023-08-03,202,2023,8,Thursday,32,2023,3,3,31,3,0,579,226.85714285714286,234.9,40.2220029810731,25.0,12.0,177.0,190.0,258.0,225.14285714285714
2023-08-04,194,2023,8,Friday,32,2023,4,4,31,3,0,580,227.71428571428572,233.76666666666668,39.30951659888514,-8.0,6.0,202.0,188.0,228.0,226.85714285714286
2023-08-05,218,2023,8,Saturday,32,2023,5,5,31,3,1,581,223.57142857142858,234.53333333333333,38.45714993277983,24.0,-29.0,194.0,247.0,195.0,227.71428571428572
2023-08-06,277,2023,8,Sunday,32,2023,6,6,31,3,1,582,231.0,236.06666666666666,43.47413023856756,59.0,52.0,218.0,225.0,231.0,223.57142857142858
2023-08-07,319,2023,8,Monday,33,2023,7,0,32,3,0,583,236.14285714285714,238.33333333333334,51.95327571138125,42.0,36.0,277.0,283.0,251.0,231.0
2023-08-08,250,2023,8,Tuesday,33,2023,8,1,32,3,0,584,233.85714285714286,236.96666666666667,50.759001078391286,-69.0,-16.0,319.0,266.0,291.0,236.14285714285714
2023-08-09,207,2023,8,Wednesday,33,2023,9,2,32,3,0,585,238.14285714285714,234.36666666666667,46.22203144038709,-43.0,30.0,250.0,177.0,285.0,233.85714285714286
2023-08-10,165,2023,8,Thursday,33,2023,10,3,32,3,0,586,232.85714285714286,231.36666666666667,52.704928837912874,-42.0,-37.0,207.0,202.0,255.0,238.14285714285714
2023-08-11,167,2023,8,Friday,33,2023,11,4,32,3,0,587,229.0,229.86666666666667,56.84774988217738,2.0,-27.0,165.0,194.0,212.0,232.85714285714286
2023-08-12,239,2023,8,Saturday,33,2023,12,5,32,3,1,588,232.0,231.13333333333333,56.72448031200111,72.0,21.0,167.0,218.0,201.0,229.0
2023-08-13,244,2023,8,Sunday,33,2023,13,6,32,3,1,589,227.28571428571428,232.8,53.649213370169974,5.0,-33.0,239.0,277.0,194.0,232.0
2023-08-14,271,2023,8,Monday,34,2023,14,0,33,3,0,590,220.42857142857142,233.63333333333333,41.712736435677556,27.0,-48.0,244.0,319.0,246.0,227.28571428571428
2023-08-15,233,2023,8,Tuesday,34,2023,15,1,33,3,0,591,218.0,230.73333333333332,40.17047008271853,-38.0,-17.0,271.0,250.0,320.0,220.42857142857142
2023-08-16,208,2023,8,Wednesday,34,2023,16,2,33,3,0,592,218.14285714285714,227.5,40.126585415940575,-25.0,1.0,233.0,207.0,305.0,218.0
2023-08-17,178,2023,8,Thursday,34,2023,17,3,33,3,0,593,220.0,225.0,37.46998799038933,-30.0,13.0,208.0,165.0,253.0,218.14285714285714
2023-08-18,201,2023,8,Friday,34,2023,18,4,33,3,0,594,224.85714285714286,223.7,31.120350102081385,23.0,34.0,178.0,167.0,240.0,220.0
2023-08-19,209,2023,8,Saturday,34,2023,19,5,33,3,1,595,220.57142857142858,224.66666666666666,30.9130886133846,8.0,-30.0,201.0,239.0,180.0,224.85714285714286
2023-08-20,252,2023,8,Sunday,34,2023,20,6,33,3,1,596,221.71428571428572,227.86666666666667,32.050555303114756,43.0,8.0,209.0,244.0,156.0,220.57142857142858
2023-08-21,247,2023,8,Monday,35,2023,21,0,34,3,0,597,218.28571428571428,228.93333333333334,26.743935672185817,-5.0,-24.0,252.0,271.0,215.0,221.71428571428572
2023-08-22,231,2023,8,Tuesday,35,2023,22,1,34,3,0,598,218.0,228.76666666666668,26.570660511171287,-16.0,-2.0,247.0,233.0,236.0,218.28571428571428
2023-08-23,203,2023,8,Wednesday,35,2023,23,2,34,3,0,599,217.28571428571428,226.33333333333334,26.94880507996619,-28.0,-5.0,231.0,208.0,276.0,218.0
2023-08-24,183,2023,8,Thursday,35,2023,24,3,34,3,0,600,218.0,223.93333333333334,25.774664562962805,-20.0,5.0,203.0,178.0,255.0,217.28571428571428
2023-08-25,159,2023,8,Friday,35,2023,25,4,34,3,0,601,212.0,221.1,33.97548135543105,-24.0,-42.0,183.0,201.0,244.0,218.0
2023-08-26,234,2023,8,Saturday,35,2023,26,5,34,3,1,602,215.57142857142858,222.56666666666666,34.90872452008182,75.0,25.0,159.0,209.0,190.0,212.0
2023-08-27,282,2023,8,Sunday,35,2023,27,6,34,3,1,603,219.85714285714286,225.7,41.36999142465599,48.0,30.0,234.0,252.0,188.0,215.57142857142858
2023-08-28,273,2023,8,Monday,36,2023,28,0,35,3,0,604,223.57142857142858,226.56666666666666,45.20271799666076,-9.0,26.0,282.0,247.0,247.0,219.85714285714286
2023-08-29,275,2023,8,Tuesday,36,2023,29,1,35,3,0,605,229.85714285714286,228.23333333333332,49.28295368390024,2.0,44.0,273.0,231.0,225.0,223.57142857142858
2023-08-30,178,2023,8,Wednesday,36,2023,30,2,35,3,0,606,226.28571428571428,224.73333333333332,52.36320045513538,-97.0,-25.0,275.0,203.0,283.0,229.85714285714286
2023-08-31,141,2023,8,Thursday,36,2023,31,3,35,3,0,607,220.28571428571428,220.56666666666666,59.99920634395661,-37.0,-42.0,178.0,183.0,266.0,226.28571428571428
2023-09-01,140,2023,9,Friday,36,2023,1,4,35,3,0,608,217.57142857142858,219.33333333333334,63.55799751108405,-1.0,-19.0,141.0,159.0,177.0,220.28571428571428
2023-09-02,244,2023,9,Saturday,36,2023,2,5,35,3,1,609,219.0,220.73333333333332,64.09888194552684,104.0,10.0,140.0,234.0,202.0,217.57142857142858
2023-09-03,266,2023,9,Sunday,36,2023,3,6,35,3,1,610,216.71428571428572,223.13333333333333,61.719025391187216,22.0,-16.0,244.0,282.0,194.0,219.0
2023-09-04,261,2023,9,Monday,37,2023,4,0,36,3,0,611,215.0,224.56666666666666,60.03887629416945,-5.0,-12.0,266.0,273.0,218.0,216.71428571428572
2023-09-05,241,2023,9,Tuesday,37,2023,5,1,36,3,0,612,210.14285714285714,223.36666666666667,55.58605512005177,-20.0,-34.0,261.0,275.0,277.0,215.0
2023-09-06,169,2023,9,Wednesday,37,2023,6,2,36,3,0,613,208.85714285714286,218.36666666666667,56.549177923374195,-72.0,-9.0,241.0,178.0,319.0,210.14285714285714
2023-09-07,213,2023,9,Thursday,37,2023,7,3,36,3,0,614,219.14285714285714,217.13333333333333,48.06047777342047,44.0,72.0,169.0,141.0,250.0,208.85714285714286
2023-09-08,177,2023,9,Friday,37,2023,8,4,36,3,0,615,224.42857142857142,216.13333333333333,39.10608282972919,-36.0,37.0,213.0,140.0,207.0,219.14285714285714
2023-09-09,215,2023,9,Saturday,37,2023,9,5,36,3,1,616,220.28571428571428,217.8,38.21306184065884,38.0,-29.0,177.0,244.0,165.0,224.42857142857142
2023-09-10,267,2023,9,Sunday,37,2023,10,6,36,3,1,617,220.42857142857142,221.13333333333333,38.413787207446354,52.0,1.0,215.0,266.0,167.0,220.28571428571428
2023-09-11,271,2023,9,Monday,38,2023,11,0,37,3,0,618,221.85714285714286,222.2,40.31306062732995,4.0,10.0,267.0,261.0,239.0,220.42857142857142
2023-09-12,239,2023,9,Tuesday,38,2023,12,1,37,3,0,619,221.57142857142858,222.03333333333333,40.161578417092926,-32.0,-2.0,271.0,241.0,244.0,221.85714285714286
2023-09-13,175,2023,9,Wednesday,38,2023,13,2,37,3,0,620,222.42857142857142,218.83333333333334,38.89668856024,-64.0,6.0,239.0,169.0,271.0,221.57142857142858
2023-09-14,173,2023,9,Thursday,38,2023,14,3,37,3,0,621,216.71428571428572,216.83333333333334,43.2115504840779,-2.0,-40.0,175.0,213.0,233.0,222.42857142857142
2023-09-15,211,2023,9,Friday,38,2023,15,4,37,3,0,622,221.57142857142858,216.93333333333334,39.777955129514105,38.0,34.0,173.0,177.0,208.0,216.71428571428572
2023-09-16,240,2023,9,Saturday,38,2023,16,5,37,3,1,623,225.14285714285714,219.0,40.20957005253166,29.0,25.0,211.0,215.0,178.0,221.57142857142858
2023-09-17,284,2023,9,Sunday,38,2023,17,6,37,3,1,624,227.57142857142858,221.76666666666668,43.534879284151515,44.0,17.0,240.0,267.0,201.0,225.14285714285714
2023-09-18,251,2023,9,Monday,39,2023,18,0,38,3,0,625,224.71428571428572,223.16666666666666,40.77872928261361,-33.0,-20.0,284.0,271.0,209.0,227.57142857142858
2023-09-19,215,2023,9,Tuesday,39,2023,19,1,38,3,0,626,221.28571428571428,221.93333333333334,40.38446188702636,-36.0,-24.0,251.0,239.0,252.0,224.71428571428572
2023-09-20,189,2023,9,Wednesday,39,2023,20,2,38,3,0,627,223.28571428571428,220.0,37.98558623879178,-26.0,14.0,215.0,175.0,247.0,221.28571428571428
2023-09-21,165,2023,9,Thursday,39,2023,21,3,38,3,0,628,222.14285714285714,217.8,39.82640904152396,-24.0,-8.0,189.0,173.0,231.0,223.28571428571428
2023-09-22,196,2023,9,Friday,39,2023,22,4,38,3,0,629,220.0,217.56666666666666,40.91454509095661,31.0,-15.0,165.0,211.0,203.0,222.14285714285714
2023-09-23,179,2023,9,Saturday,39,2023,23,5,38,3,1,630,211.28571428571428,217.43333333333334,42.4134974024151,-17.0,-61.0,196.0,240.0,183.0,220.0
2023-09-24,283,2023,9,Sunday,39,2023,24,6,38,3,1,631,211.14285714285714,221.56666666666666,42.12848826874084,104.0,-1.0,179.0,284.0,159.0,211.28571428571428
2023-09-25,259,2023,9,Monday,40,2023,25,0,39,3,0,632,212.28571428571428,222.4,43.476868507724966,-24.0,8.0,283.0,251.0,234.0,211.14285714285714
2023-09-26,227,2023,9,Tuesday,40,2023,26,1,39,3,0,633,214.0,220.56666666666666,43.83681861935901,-32.0,12.0,259.0,215.0,282.0,212.28571428571428
2023-09-27,172,2023,9,Wednesday,40,2023,27,2,39,3,0,634,211.57142857142858,217.2,45.87612720815651,-55.0,-17.0,227.0,189.0,273.0,214.0
2023-09-28,132,2023,9,Thursday,40,2023,28,3,39,3,0,635,206.85714285714286,212.43333333333334,52.65430837525164,-40.0,-33.0,172.0,165.0,275.0,211.57142857142858
2023-09-29,191,2023,9,Friday,40,2023,29,4,39,3,0,636,206.14285714285714,212.86666666666667,52.85965245007539,59.0,-5.0,132.0,196.0,178.0,206.85714285714286
2023-09-30,216,2023,9,Saturday,40,2023,30,5,39,3,1,637,211.42857142857142,215.36666666666667,51.52623002852326,25.0,37.0,191.0,179.0,141.0,206.14285714285714
2023-10-01,228,2023,10,Sunday,40,2023,1,6,39,4,1,638,203.57142857142858,218.3,42.13018372796731,12.0,-55.0,216.0,283.0,140.0,211.42857142857142
2023-10-02,238,2023,10,Monday,41,2023,2,0,40,4,0,639,200.57142857142858,218.1,38.07824025545662,10.0,-21.0,228.0,259.0,244.0,203.57142857142858
2023-10-03,230,2023,10,Tuesday,41,2023,3,1,40,4,0,640,201.0,216.9,38.44043010511932,-8.0,3.0,238.0,227.0,266.0,200.57142857142858
2023-10-04,227,2023,10,Wednesday,41,2023,4,2,40,4,0,641,208.85714285714286,215.76666666666668,37.123346524024,-3.0,55.0,230.0,172.0,261.0,201.0
2023-10-05,162,2023,10,Thursday,41,2023,5,3,40,4,0,642,213.14285714285714,213.13333333333333,27.1687846092307,-65.0,30.0,227.0,132.0,241.0,208.85714285714286
2023-10-06,147,2023,10,Friday,41,2023,6,4,40,4,0,643,206.85714285714286,212.4,36.59885504324002,-15.0,-44.0,162.0,191.0,169.0,213.14285714285714
2023-10-07,212,2023,10,Saturday,41,2023,7,5,40,4,1,644,206.28571428571428,212.36666666666667,36.463288778870904,65.0,-4.0,147.0,216.0,213.0,206.85714285714286
2023-10-08,250,2023,10,Sunday,41,2023,8,6,40,4,1,645,209.42857142857142,214.8,39.470905499523184,38.0,22.0,212.0,228.0,177.0,206.28571428571428
2023-10-09,212,2023,10,Monday,42,2023,9,0,41,4,0,646,205.71428571428572,214.7,37.50872914275644,-38.0,-26.0,250.0,238.0,215.0,209.42857142857142
2023-10-10,238,2023,10,Tuesday,42,2023,10,1,41,4,0,647,206.85714285714286,213.73333333333332,38.48128796973185,26.0,8.0,212.0,230.0,267.0,205.71428571428572
2023-10-11,192,2023,10,Wednesday,42,2023,11,2,41,4,0,648,201.85714285714286,211.1,37.69362709808413,-46.0,-35.0,238.0,227.0,271.0,206.85714285714286
2023-10-12,184,2023,10,Thursday,42,2023,12,3,41,4,0,649,205.0,209.26666666666668,34.60732099811497,-8.0,22.0,192.0,162.0,239.0,201.85714285714286
2023-10-13,217,2023,10,Friday,42,2023,13,4,41,4,0,650,215.0,210.66666666666666,23.33095225946105,33.0,70.0,184.0,147.0,175.0,205.0
2023-10-14,242,2023,10,Saturday,42,2023,14,5,41,4,1,651,219.28571428571428,212.96666666666667,25.35556668474766,25.0,30.0,217.0,212.0,173.0,215.0
2023-10-15,254,2023,10,Sunday,42,2023,15,6,41,4,1,652,219.85714285714286,214.4,26.194328720980458,12.0,4.0,242.0,250.0,211.0,219.28571428571428
2023-10-16,247,2023,10,Monday,43,2023,16,0,42,4,0,653,224.85714285714286,214.63333333333333,27.739433852840662,-7.0,35.0,254.0,212.0,240.0,219.85714285714286
2023-10-17,294,2023,10,Tuesday,43,2023,17,1,42,4,0,654,232.85714285714286,214.96666666666667,38.24669297873305,47.0,56.0,247.0,238.0,284.0,224.85714285714286
2023-10-18,201,2023,10,Wednesday,43,2023,18,2,42,4,0,655,234.14285714285714,213.3,36.766962395736066,-93.0,9.0,294.0,192.0,251.0,232.85714285714286
2023-10-19,174,2023,10,Thursday,43,2023,19,3,42,4,0,656,232.71428571428572,211.93333333333334,39.156584315259664,-27.0,-10.0,201.0,184.0,215.0,234.14285714285714
2023-10-20,183,2023,10,Friday,43,2023,20,4,42,4,0,657,227.85714285714286,211.73333333333332,43.3183124149144,9.0,-34.0,174.0,217.0,189.0,232.71428571428572
2023-10-21,227,2023,10,Saturday,43,2023,21,5,42,4,1,658,225.71428571428572,213.8,42.87079147746977,44.0,-15.0,183.0,242.0,165.0,227.85714285714286
2023-10-22,260,2023,10,Sunday,43,2023,22,6,42,4,1,659,226.57142857142858,215.93333333333334,43.58461939284295,33.0,6.0,227.0,254.0,196.0,225.71428571428572
2023-10-23,262,2023,10,Monday,44,2023,23,0,43,4,0,660,228.71428571428572,218.7,45.09883326544823,2.0,15.0,260.0,247.0,179.0,226.57142857142858
2023-10-24,236,2023,10,Tuesday,44,2023,24,1,43,4,0,661,220.42857142857142,217.13333333333333,35.387649177158394,-26.0,-58.0,262.0,294.0,283.0,228.71428571428572
2023-10-25,204,2023,10,Wednesday,44,2023,25,2,43,4,0,662,220.85714285714286,215.3,35.1303694421619,-32.0,3.0,236.0,201.0,259.0,220.42857142857142
2023-10-26,167,2023,10,Thursday,44,2023,26,3,43,4,0,663,219.85714285714286,213.3,36.74882570200189,-37.0,-7.0,204.0,174.0,227.0,220.85714285714286
2023-10-27,174,2023,10,Friday,44,2023,27,4,43,4,0,664,218.57142857142858,213.36666666666667,38.37471886045511,7.0,-9.0,167.0,183.0,172.0,219.85714285714286
2023-10-28,230,2023,10,Saturday,44,2023,28,5,43,4,1,665,219.0,216.63333333333333,38.501082235870406,56.0,3.0,174.0,227.0,132.0,218.57142857142858
2023-10-29,263,2023,10,Sunday,44,2023,29,6,43,4,1,666,219.42857142857142,219.03333333333333,39.046370479456485,33.0,3.0,230.0,260.0,191.0,219.0
2023-10-30,308,2023,10,Monday,45,2023,30,0,44,4,0,667,226.0,222.1,49.79625153228504,45.0,46.0,263.0,262.0,216.0,219.42857142857142
2023-10-31,199,2023,10,Tuesday,45,2023,31,1,44,4,0,668,220.71428571428572,221.13333333333333,50.516381124390605,-109.0,-37.0,308.0,236.0,228.0,226.0
2023-11-01,231,2023,11,Wednesday,45,2023,1,2,44,4,0,669,224.57142857142858,220.9,50.0561589379267,32.0,27.0,199.0,204.0,238.0,220.71428571428572
2023-11-02,208,2023,11,Thursday,45,2023,2,3,44,4,0,670,230.42857142857142,220.16666666666666,44.26005400982156,-23.0,41.0,231.0,167.0,230.0,224.57142857142858
2023-11-03,152,2023,11,Friday,45,2023,3,4,44,4,0,671,227.28571428571428,217.66666666666666,49.415632768433696,-56.0,-22.0,208.0,174.0,227.0,230.42857142857142
2023-11-04,227,2023,11,Saturday,45,2023,4,5,44,4,1,672,226.85714285714286,219.83333333333334,49.401176002967034,75.0,-3.0,152.0,230.0,162.0,227.28571428571428
2023-11-05,266,2023,11,Sunday,45,2023,5,6,44,4,1,673,227.28571428571428,223.8,49.77855725013229,39.0,3.0,227.0,263.0,147.0,226.85714285714286
2023-11-06,256,2023,11,Monday,46,2023,6,0,45,4,0,674,219.85714285714286,225.26666666666668,38.277184550888556,-10.0,-52.0,266.0,308.0,212.0,227.28571428571428
2023-11-07,242,2023,11,Tuesday,46,2023,7,1,45,4,0,675,226.0,225.0,37.81974792794457,-14.0,43.0,256.0,199.0,250.0,219.85714285714286
2023-11-08,193,2023,11,Wednesday,46,2023,8,2,45,4,0,676,220.57142857142858,224.36666666666667,39.66466581588252,-49.0,-38.0,242.0,231.0,212.0,226.0
2023-11-09,224,2023,11,Thursday,46,2023,9,3,45,4,0,677,222.85714285714286,223.9,39.27861407699427,31.0,16.0,193.0,208.0,238.0,220.57142857142858
2023-11-10,218,2023,11,Friday,46,2023,10,4,45,4,0,678,232.28571428571428,224.76666666666668,24.62190275421538,-6.0,66.0,224.0,152.0,192.0,222.85714285714286
2023-11-11,265,2023,11,Saturday,46,2023,11,5,45,4,1,679,237.71428571428572,227.46666666666667,27.30515388294636,47.0,38.0,218.0,227.0,184.0,232.28571428571428
2023-11-12,294,2023,11,Sunday,46,2023,12,6,45,4,1,680,241.71428571428572,230.03333333333333,33.48987053679645,29.0,28.0,265.0,266.0,217.0,237.71428571428572
2023-11-13,268,2023,11,Monday,47,2023,13,0,46,4,0,681,243.42857142857142,230.9,34.630704790484344,-26.0,12.0,294.0,256.0,242.0,241.71428571428572
2023-11-14,254,2023,11,Tuesday,47,2023,14,1,46,4,0,682,245.14285714285714,230.9,34.84455276141195,-14.0,12.0,268.0,242.0,254.0,243.42857142857142
2023-11-15,232,2023,11,Wednesday,47,2023,15,2,46,4,0,683,250.71428571428572,230.4,27.45125550082183,-22.0,39.0,254.0,193.0,247.0,245.14285714285714
2023-11-16,171,2023,11,Thursday,47,2023,16,3,46,4,0,684,243.14285714285714,226.3,40.33372687726098,-61.0,-53.0,232.0,224.0,294.0,250.71428571428572
2023-11-17,221,2023,11,Friday,47,2023,17,4,46,4,0,685,243.57142857142858,226.96666666666667,40.03688775307519,50.0,3.0,171.0,218.0,201.0,243.14285714285714
2023-11-18,242,2023,11,Saturday,47,2023,18,5,46,4,1,686,240.28571428571428,229.23333333333332,38.913212347968035,21.0,-23.0,221.0,265.0,174.0,243.57142857142858
2023-11-19,279,2023,11,Sunday,47,2023,19,6,46,4,1,687,238.14285714285714,232.43333333333334,35.746461696362026,37.0,-15.0,242.0,294.0,183.0,240.28571428571428
2023-11-20,312,2023,11,Monday,48,2023,20,0,47,4,0,688,244.42857142857142,235.26666666666668,44.63502788489861,33.0,44.0,279.0,268.0,227.0,238.14285714285714
2023-11-21,280,2023,11,Tuesday,48,2023,21,1,47,4,0,689,248.14285714285714,235.93333333333334,46.60267721718884,-32.0,26.0,312.0,254.0,260.0,244.42857142857142
2023-11-22,222,2023,11,Wednesday,48,2023,22,2,47,4,0,690,246.71428571428572,234.6,47.32763211808433,-58.0,-10.0,280.0,232.0,262.0,248.14285714285714
2023-11-23,226,2023,11,Thursday,48,2023,23,3,47,4,0,691,254.57142857142858,234.26666666666668,35.83228126916227,4.0,55.0,222.0,171.0,236.0,246.71428571428572
2023-11-24,192,2023,11,Friday,48,2023,24,4,47,4,0,692,250.42857142857142,233.86666666666667,41.57666470051461,-34.0,-29.0,226.0,221.0,204.0,254.57142857142858
2023-11-25,266,2023,11,Saturday,48,2023,25,5,47,4,1,693,253.85714285714286,237.16666666666666,41.75495408303266,74.0,24.0,192.0,242.0,167.0,250.42857142857142
2023-11-26,306,2023,11,Sunday,48,2023,26,6,47,4,1,694,257.7142857142857,241.56666666666666,45.54014450904545,40.0,27.0,266.0,279.0,174.0,253.85714285714286
2023-11-27,299,2023,11,Monday,49,2023,27,0,48,4,0,695,255.85714285714286,243.86666666666667,43.16027715167619,-7.0,-13.0,306.0,312.0,230.0,257.7142857142857
2023-11-28,286,2023,11,Tuesday,49,2023,28,1,48,4,0,696,256.7142857142857,244.63333333333333,43.77485688426719,-13.0,6.0,299.0,280.0,263.0,255.85714285714286
2023-11-29,212,2023,11,Wednesday,49,2023,29,2,48,4,0,697,255.28571428571428,241.43333333333334,45.23536332603146,-74.0,-10.0,286.0,222.0,308.0,256.7142857142857
2023-11-30,229,2023,11,Thursday,49,2023,30,3,48,4,0,698,255.71428571428572,242.43333333333334,44.924804899276666,17.0,3.0,212.0,226.0,199.0,255.28571428571428
2023-12-01,218,2023,12,Friday,49,2023,1,4,48,4,0,699,259.42857142857144,242.0,39.52997656992767,-11.0,26.0,229.0,192.0,231.0,255.71428571428572
2023-12-02,251,2023,12,Saturday,49,2023,2,5,48,4,1,700,257.2857142857143,243.43333333333334,39.52094080237389,33.0,-15.0,218.0,266.0,208.0,259.42857142857144
2023-12-03,323,2023,12,Sunday,49,2023,3,6,48,4,1,701,259.7142857142857,249.13333333333333,43.35017987549853,72.0,17.0,251.0,306.0,152.0,257.2857142857143
2023-12-04,299,2023,12,Monday,50,2023,4,0,49,4,0,702,259.7142857142857,251.53333333333333,43.35017987549853,-24.0,0.0,323.0,299.0,227.0,259.7142857142857
2023-12-05,259,2023,12,Tuesday,50,2023,5,1,49,4,0,703,255.85714285714286,251.3,41.79485044607173,-40.0,-27.0,299.0,286.0,266.0,259.7142857142857
2023-12-06,214,2023,12,Wednesday,50,2023,6,2,49,4,0,704,256.14285714285717,249.9,41.450486814304554,-45.0,2.0,259.0,212.0,256.0,255.85714285714286
2023-12-07,231,2023,12,Thursday,50,2023,7,3,49,4,0,705,256.42857142857144,249.53333333333333,41.238562627946024,17.0,2.0,214.0,229.0,242.0,256.14285714285717
2023-12-08,204,2023,12,Friday,50,2023,8,4,49,4,0,706,254.42857142857142,249.9,43.680114250678855,-27.0,-14.0,231.0,218.0,193.0,256.42857142857144
2023-12-09,305,2023,12,Saturday,50,2023,9,5,49,4,1,707,262.14285714285717,252.6,47.56899750687951,101.0,54.0,204.0,251.0,224.0,254.42857142857142
2023-12-10,269,2023,12,Sunday,50,2023,10,6,49,4,1,708,254.42857142857142,254.3,39.79889924297351,-36.0,-54.0,305.0,323.0,218.0,262.14285714285717
2023-12-11,355,2023,12,Monday,51,2023,11,0,50,4,0,709,262.42857142857144,257.3,53.51590773734822,86.0,56.0,269.0,299.0,265.0,254.42857142857142
2023-12-12,300,2023,12,Tuesday,51,2023,12,1,50,4,0,710,268.2857142857143,257.5,55.29229688878992,-55.0,41.0,355.0,259.0,294.0,262.42857142857144
2023-12-13,252,2023,12,Wednesday,51,2023,13,2,50,4,0,711,273.7142857142857,256.96666666666664,50.75337192645194,-48.0,38.0,300.0,214.0,268.0,268.2857142857143
2023-12-14,217,2023,12,Thursday,51,2023,14,3,50,4,0,712,271.7142857142857,255.73333333333332,52.9456145043014,-35.0,-14.0,252.0,231.0,254.0,273.7142857142857
2023-12-15,247,2023,12,Friday,51,2023,15,4,50,4,0,713,277.85714285714283,256.23333333333335,45.79093276850261,30.0,43.0,217.0,204.0,232.0,271.7142857142857
2023-12-16,278,2023,12,Saturday,51,2023,16,5,50,4,1,714,274.0,259.8,44.23422506008967,31.0,-27.0,247.0,305.0,171.0,277.85714285714283
2023-12-17,341,2023,12,Sunday,51,2023,17,6,50,4,1,715,284.2857142857143,263.8,50.766505643367886,63.0,72.0,278.0,269.0,221.0,274.0
2023-12-18,333,2023,12,Monday,52,2023,18,0,51,4,0,716,281.14285714285717,266.8333333333333,46.12818578493553,-8.0,-22.0,341.0,355.0,242.0,284.2857142857143
2023-12-19,308,2023,12,Tuesday,52,2023,19,1,51,4,0,717,282.2857142857143,267.8,46.767917371186215,-25.0,8.0,333.0,300.0,279.0,281.14285714285717
2023-12-20,255,2023,12,Wednesday,52,2023,20,2,51,4,0,718,282.7142857142857,265.9,46.45684121029003,-53.0,3.0,308.0,252.0,312.0,282.2857142857143
2023-12-21,236,2023,12,Thursday,52,2023,21,3,51,4,0,719,285.42857142857144,264.43333333333334,42.35113986209883,-19.0,19.0,255.0,217.0,280.0,282.7142857142857
2023-12-22,254,2023,12,Friday,52,2023,22,4,51,4,0,720,286.42857142857144,265.5,41.36366014936772,18.0,7.0,236.0,247.0,222.0,285.42857142857144
2023-12-23,254,2023,12,Saturday,52,2023,23,5,51,4,1,721,283.0,266.43333333333334,43.13544559485475,0.0,-24.0,254.0,278.0,226.0,286.42857142857144
2023-12-24,301,2023,12,Sunday,52,2023,24,6,51,4,1,722,277.2857142857143,270.06666666666666,36.27540160914507,47.0,-40.0,254.0,341.0,192.0,283.0
2023-12-25,354,2023,12,Monday,53,2023,25,0,52,4,0,723,280.2857142857143,273.0,42.05834949097226,53.0,21.0,301.0,333.0,266.0,277.2857142857143
2023-12-26,317,2023,12,Tuesday,53,2023,26,1,52,4,0,724,281.57142857142856,273.3666666666667,43.169654244840245,-37.0,9.0,354.0,308.0,306.0,280.2857142857143
2023-12-27,268,2023,12,Wednesday,53,2023,27,2,52,4,0,725,283.42857142857144,272.3333333333333,42.102482677617175,-49.0,13.0,317.0,255.0,299.0,281.57142857142856
2023-12-28,246,2023,12,Thursday,53,2023,28,3,52,4,0,726,284.85714285714283,271.0,40.358512408282984,-22.0,10.0,268.0,236.0,286.0,283.42857142857144
2023-12-29,264,2023,12,Friday,53,2023,29,4,52,4,0,727,286.2857142857143,272.73333333333335,39.24586723768636,18.0,10.0,246.0,254.0,212.0,284.85714285714283
2023-12-30,286,2023,12,Saturday,53,2023,30,5,52,4,1,728,290.85714285714283,274.6333333333333,36.635267941464114,22.0,32.0,264.0,254.0,229.0,286.2857142857143
2023-12-31,322,2023,12,Sunday,53,2023,31,6,52,4,1,729,293.85714285714283,278.1,38.420604591063764,36.0,21.0,286.0,301.0,218.0,290.85714285714283
